variant,init,mode,label_fraction,dF1_vs_scratch,nb_p,n_pairs
cross_attention,contrastive,finetune,0.1,-0.020561366812763663,0.9121971540045706,15
cross_attention,contrastive,finetune,0.25,0.030695824814522155,0.623399339419086,15
cross_attention,contrastive,finetune,0.5,0.01309902516926919,0.8493966728330192,15
cross_attention,contrastive,finetune,1.0,0.03113290527413639,0.2648272285227222,15
cross_attention,contrastive,frozen,0.1,-0.016587320168230977,0.8887454724133823,15
cross_attention,contrastive,frozen,0.25,-0.03669542704964301,0.7104707753220231,15
cross_attention,contrastive,frozen,0.5,-0.024985764254061026,0.677572768152442,15
cross_attention,contrastive,frozen,1.0,-0.0022185136308983185,0.9436684413178656,15
cross_attention,crossmodal,finetune,0.1,-0.001197255804555882,0.9921028711450413,15
cross_attention,crossmodal,finetune,0.25,0.008642738159170797,0.8946833403289255,15
cross_attention,crossmodal,finetune,0.5,0.016789641858710562,0.7712266747274493,15
cross_attention,crossmodal,finetune,1.0,0.029606659506112944,0.493405715617067,15
cross_attention,crossmodal,frozen,0.1,-0.03138237471788304,0.7881712615140269,15
cross_attention,crossmodal,frozen,0.25,-0.06206686253144126,0.49323270885039017,15
cross_attention,crossmodal,frozen,0.5,-0.09753150192320945,0.14517050544690865,15
cross_attention,crossmodal,frozen,1.0,-0.06119970058372597,0.10644911788686286,15
cross_attention,masked,finetune,0.1,0.015070429656910737,0.8989692867531874,15
cross_attention,masked,finetune,0.25,0.017669576950905777,0.7973999433248266,15
cross_attention,masked,finetune,0.5,0.009136130680191553,0.8446373259561653,15
cross_attention,masked,finetune,1.0,0.015047979568057071,0.6858065963269513,15
cross_attention,masked,frozen,0.1,-0.02261783349914789,0.8660370331560885,15
cross_attention,masked,frozen,0.25,-0.061058718838177796,0.4313640781172659,15
cross_attention,masked,frozen,0.5,-0.08982381665707052,0.10018016501381581,15
cross_attention,masked,frozen,1.0,-0.07368089726781335,0.09143956133283748,15
ecg_only,contrastive,finetune,0.1,0.03018704075887802,0.7207935750214816,15
ecg_only,contrastive,finetune,0.25,0.029418861632685773,0.6675135611526452,15
ecg_only,contrastive,finetune,0.5,0.033575525452390995,0.5372585581042482,15
ecg_only,contrastive,finetune,1.0,0.04157213767925673,0.2960024522764482,15
ecg_only,contrastive,frozen,0.1,0.00486069494815791,0.9585876313015468,15
ecg_only,contrastive,frozen,0.25,0.002001352890168606,0.983855863891959,15
ecg_only,contrastive,frozen,0.5,-0.00933288537268857,0.8539217955402074,15
ecg_only,contrastive,frozen,1.0,-0.07121186914192626,0.1556929879419366,15
ecg_only,crossmodal,finetune,0.1,0.027607246787925113,0.6974080951782051,15
ecg_only,crossmodal,finetune,0.25,0.0244985136321656,0.7520508477594278,15
ecg_only,crossmodal,finetune,0.5,0.04355657448739525,0.42739215715482737,15
ecg_only,crossmodal,finetune,1.0,0.030629039082814388,0.437320278862079,15
ecg_only,crossmodal,frozen,0.1,-0.020383212250273338,0.8216044454009475,15
ecg_only,crossmodal,frozen,0.25,-0.03592113887214041,0.6717863963211336,15
ecg_only,crossmodal,frozen,0.5,-0.0493082232454122,0.4760042875757856,15
ecg_only,crossmodal,frozen,1.0,-0.07872053403914563,0.30648290267453143,15
ecg_only,masked,finetune,0.1,0.003537493319957034,0.9742151644565646,15
ecg_only,masked,finetune,0.25,0.02374880583775737,0.728789098619803,15
ecg_only,masked,finetune,0.5,0.042352236176464476,0.4308670978518056,15
ecg_only,masked,finetune,1.0,0.025736013907606995,0.5537180141093352,15
ecg_only,masked,frozen,0.1,-0.033255001122563875,0.7077522381216358,15
ecg_only,masked,frozen,0.25,-0.045986467292839506,0.5965533022397239,15
ecg_only,masked,frozen,0.5,-0.06752881375963066,0.08432592488030143,15
ecg_only,masked,frozen,1.0,-0.1035533418947728,0.014127202180515837,15
ppg_only,contrastive,finetune,0.1,-0.0034141484811874103,0.9849515909150444,15
ppg_only,contrastive,finetune,0.25,0.0064400723079355475,0.9353639391443961,15
ppg_only,contrastive,finetune,0.5,-0.018914535867165426,0.8366517007710145,15
ppg_only,contrastive,finetune,1.0,0.008434505863750223,0.8232765013475614,15
ppg_only,contrastive,frozen,0.1,-0.022527405886674755,0.8697806782987844,15
ppg_only,contrastive,frozen,0.25,-0.023283269665521574,0.7756356942553293,15
ppg_only,contrastive,frozen,0.5,-0.015325984834896627,0.8066009697321133,15
ppg_only,contrastive,frozen,1.0,0.010296199194010558,0.8011228810808735,15
ppg_only,crossmodal,finetune,0.1,0.031639623241262446,0.806650410657263,15
ppg_only,crossmodal,finetune,0.25,0.005596692582847484,0.9037878300978001,15
ppg_only,crossmodal,finetune,0.5,0.026505417227398034,0.5780889155295652,15
ppg_only,crossmodal,finetune,1.0,0.019358699687507766,0.5748890573358223,15
ppg_only,crossmodal,frozen,0.1,0.017816868620870625,0.8711076424911802,15
ppg_only,crossmodal,frozen,0.25,-0.020295742290668068,0.8355066486070443,15
ppg_only,crossmodal,frozen,0.5,-0.030190431118989412,0.5392550159762806,15
ppg_only,crossmodal,frozen,1.0,-0.025136041673158305,0.39132841195499063,15
ppg_only,masked,finetune,0.1,0.02045027717801988,0.8745181779241087,15
ppg_only,masked,finetune,0.25,0.02550875190720446,0.586967232649686,15
ppg_only,masked,finetune,0.5,0.017600916424629725,0.6257834362937493,15
ppg_only,masked,finetune,1.0,-0.009960110309812028,0.8141548222050446,15
ppg_only,masked,frozen,0.1,-0.0655606140165162,0.8089728372524626,15
ppg_only,masked,frozen,0.25,-0.044948534151162504,0.6032887324806662,15
ppg_only,masked,frozen,0.5,-0.0287010849004964,0.7209092901072054,15
ppg_only,masked,frozen,1.0,-0.06386411267586972,0.32230715820052414,15
