variant,init,mode,label_fraction,n_folds,F1,F1_std,AUC,n_train_records_mean
cross_attention,contrastive,finetune,0.1,15,0.5612772439645094,0.09202995424195534,0.6981298855409045,40.13333333333333
cross_attention,contrastive,finetune,0.25,15,0.6737441403708613,0.0514914170766721,0.8033096805064515,100.86666666666666
cross_attention,contrastive,finetune,0.5,15,0.701768188421227,0.05033635636948618,0.8383386335692913,201.53333333333333
cross_attention,contrastive,finetune,1.0,15,0.7159533710657342,0.043372514560148324,0.8523704896026013,402.6
cross_attention,contrastive,frozen,0.1,15,0.5652512906090422,0.04643307804785386,0.655462542730367,40.13333333333333
cross_attention,contrastive,frozen,0.25,15,0.6063528885066962,0.054375457628871054,0.7174210714763694,100.86666666666666
cross_attention,contrastive,frozen,0.5,15,0.6636833989978969,0.05481558936309529,0.786981916375587,201.53333333333333
cross_attention,contrastive,frozen,1.0,15,0.6826019521606995,0.04721970778056786,0.8339784945646165,402.6
cross_attention,crossmodal,finetune,0.1,15,0.5806413549727173,0.040182343784881336,0.7222686666560718,40.13333333333333
cross_attention,crossmodal,finetune,0.25,15,0.65169105371551,0.051825650118665606,0.7893586718837984,100.86666666666666
cross_attention,crossmodal,finetune,0.5,15,0.7054588051106685,0.05965643096046051,0.8387414232573407,201.53333333333333
cross_attention,crossmodal,finetune,1.0,15,0.7144271252977108,0.03697008207315116,0.8563744152368439,402.6
cross_attention,crossmodal,frozen,0.1,15,0.5504562360593901,0.04274007417599213,0.6079743750102803,40.13333333333333
cross_attention,crossmodal,frozen,0.25,15,0.5809814530248978,0.056167162049780346,0.66992881283226,100.86666666666666
cross_attention,crossmodal,frozen,0.5,15,0.5911376613287485,0.05278866590286704,0.7195728597855717,201.53333333333333
cross_attention,crossmodal,frozen,1.0,15,0.6236207652078719,0.05409518832168485,0.7442422105086943,402.6
cross_attention,masked,finetune,0.1,15,0.5969090404341839,0.04657204546434328,0.7197143098377214,40.13333333333333
cross_attention,masked,finetune,0.25,15,0.660717892507245,0.060287497522675496,0.7953787786978677,100.86666666666666
cross_attention,masked,finetune,0.5,15,0.6978052939321496,0.05088252309804125,0.8355129051349486,201.53333333333333
cross_attention,masked,finetune,1.0,15,0.699868445359655,0.055390539856975174,0.8445121110626999,402.6
cross_attention,masked,frozen,0.1,15,0.5592207772781254,0.04650494849070382,0.6598102412484288,40.13333333333333
cross_attention,masked,frozen,0.25,15,0.5819895967181613,0.05353462104825379,0.7013378103361563,100.86666666666666
cross_attention,masked,frozen,0.5,15,0.5988453465948874,0.05030138604272565,0.7297784452856388,201.53333333333333
cross_attention,masked,frozen,1.0,15,0.6111395685237846,0.05508845499927997,0.7391449647424643,402.6
cross_attention,scratch,finetune,0.1,15,0.5818386107772731,0.05100837876326046,0.6610063623298322,40.13333333333333
cross_attention,scratch,finetune,0.25,15,0.6430483155563392,0.047124891584536706,0.792278739558592,100.86666666666666
cross_attention,scratch,finetune,0.5,15,0.6886691632519581,0.05262255869743287,0.831633411210084,201.53333333333333
cross_attention,scratch,finetune,1.0,15,0.6848204657915979,0.04918570647199873,0.8360033923549429,402.6
ecg_only,contrastive,finetune,0.1,15,0.5916096314550641,0.03961584805808218,0.6816851797388217,40.13333333333333
ecg_only,contrastive,finetune,0.25,15,0.6119947606708125,0.05142354705571174,0.7213220918128787,100.86666666666666
ecg_only,contrastive,finetune,0.5,15,0.6380229134008297,0.046733107007586185,0.7496317764108859,201.53333333333333
ecg_only,contrastive,finetune,1.0,15,0.6854100395563696,0.04712333721887483,0.8094640533791311,402.6
ecg_only,contrastive,frozen,0.1,15,0.5662832856443439,0.0571163237472602,0.6427343937910498,40.13333333333333
ecg_only,contrastive,frozen,0.25,15,0.5845772519282952,0.05149088324234808,0.6913574228395184,100.86666666666666
ecg_only,contrastive,frozen,0.5,15,0.5951145025757503,0.046667917828490425,0.6927215529548504,201.53333333333333
ecg_only,contrastive,frozen,1.0,15,0.5726260327351866,0.055826857543484515,0.7042646649529638,402.6
ecg_only,crossmodal,finetune,0.1,15,0.5890298374841112,0.03981912298737937,0.6677989552908769,40.13333333333333
ecg_only,crossmodal,finetune,0.25,15,0.6070744126702924,0.06383043726563215,0.7468967400409928,100.86666666666666
ecg_only,crossmodal,finetune,0.5,15,0.6480039624358341,0.051415678928124056,0.7834922430826424,201.53333333333333
ecg_only,crossmodal,finetune,1.0,15,0.6744669409599273,0.050995053137774235,0.8103757256675859,402.6
ecg_only,crossmodal,frozen,0.1,15,0.5410393784459128,0.06137044433467529,0.6178324893681734,40.13333333333333
ecg_only,crossmodal,frozen,0.25,15,0.5466547601659862,0.07625560240673002,0.6438286826675033,100.86666666666666
ecg_only,crossmodal,frozen,0.5,15,0.5551391647030266,0.053093298714838956,0.6703209846210892,201.53333333333333
ecg_only,crossmodal,frozen,1.0,15,0.5651173678379673,0.07911348864122963,0.7038832389642873,402.6
ecg_only,masked,finetune,0.1,15,0.5649600840161431,0.04509526750951983,0.6545963869101551,40.13333333333333
ecg_only,masked,finetune,0.25,15,0.6063247048758842,0.04968432789664671,0.715654444181506,100.86666666666666
ecg_only,masked,finetune,0.5,15,0.6467996241249032,0.05436677024100588,0.7699420439791121,201.53333333333333
ecg_only,masked,finetune,1.0,15,0.6695739157847197,0.0483824002925271,0.8011459056413545,402.6
ecg_only,masked,frozen,0.1,15,0.5281675895736223,0.04013839243469965,0.6081062669836065,40.13333333333333
ecg_only,masked,frozen,0.25,15,0.5365894317452873,0.06082880689453482,0.6238156910305208,100.86666666666666
ecg_only,masked,frozen,0.5,15,0.5369185741888083,0.035588096482699234,0.6241389904366366,201.53333333333333
ecg_only,masked,frozen,1.0,15,0.54028455998234,0.048527880860023964,0.6416454450395562,402.6
ecg_only,scratch,finetune,0.1,15,0.561422590696186,0.0540922883507989,0.662499254331604,40.13333333333333
ecg_only,scratch,finetune,0.25,15,0.5825758990381267,0.0453427564789579,0.7009181752069996,100.86666666666666
ecg_only,scratch,finetune,0.5,15,0.6044473879484388,0.0651522224551266,0.74449024779435,201.53333333333333
ecg_only,scratch,finetune,1.0,15,0.6438379018771129,0.05906649798645221,0.7868317654478358,402.6
ppg_only,contrastive,finetune,0.1,15,0.5480846287437573,0.07361299954047777,0.6322250168025619,40.13333333333333
ppg_only,contrastive,finetune,0.25,15,0.5891483235111205,0.08128496130361397,0.7045961489385982,100.86666666666666
ppg_only,contrastive,finetune,0.5,15,0.5698677552313247,0.10791100410871207,0.7161934614644362,201.53333333333333
ppg_only,contrastive,finetune,1.0,15,0.6110438097660092,0.05676627397219485,0.7284022502566077,402.6
ppg_only,contrastive,frozen,0.1,15,0.5289713713382701,0.04643822631909488,0.5763904826355015,40.13333333333333
ppg_only,contrastive,frozen,0.25,15,0.5594249815376634,0.040358988737338224,0.6307121941473236,100.86666666666666
ppg_only,contrastive,frozen,0.5,15,0.5734563062635935,0.051729050961401034,0.652041597418921,201.53333333333333
ppg_only,contrastive,frozen,1.0,15,0.6129055030962697,0.05173986515114459,0.7151609159586392,402.6
ppg_only,crossmodal,finetune,0.1,15,0.5831384004662072,0.05385116083145494,0.661318370863007,40.13333333333333
ppg_only,crossmodal,finetune,0.25,15,0.5883049437860323,0.059303326182365564,0.6871163225273738,100.86666666666666
ppg_only,crossmodal,finetune,0.5,15,0.6152877083258882,0.0517178146672305,0.722060248933531,201.53333333333333
ppg_only,crossmodal,finetune,1.0,15,0.6219680035897668,0.05359783092481281,0.7277397953740131,402.6
ppg_only,crossmodal,frozen,0.1,15,0.5693156458458155,0.04655751607755954,0.5738141591884449,40.13333333333333
ppg_only,crossmodal,frozen,0.25,15,0.5624125089125169,0.07855101487229901,0.6578765542608578,100.86666666666666
ppg_only,crossmodal,frozen,0.5,15,0.5585918599795007,0.06846020514328063,0.6276931563099667,201.53333333333333
ppg_only,crossmodal,frozen,1.0,15,0.5774732622291007,0.05486565766519098,0.6620404010679651,402.6
ppg_only,masked,finetune,0.1,15,0.5719490544029646,0.06793179410063653,0.651763945599265,40.13333333333333
ppg_only,masked,finetune,0.25,15,0.6082170031103894,0.05301319511819719,0.697661503678358,100.86666666666666
ppg_only,masked,finetune,0.5,15,0.6063832075231197,0.06594245860422461,0.715014977718012,201.53333333333333
ppg_only,masked,finetune,1.0,15,0.5926491935924469,0.06334554860839775,0.7311812273657109,402.6
ppg_only,masked,frozen,0.1,15,0.48593816320842864,0.14369602832624054,0.5437152900574673,40.13333333333333
ppg_only,masked,frozen,0.25,15,0.5377597170520224,0.06806631220613263,0.602028986431894,100.86666666666666
ppg_only,masked,frozen,0.5,15,0.5600812061979937,0.06419053118520687,0.5742889253686477,201.53333333333333
ppg_only,masked,frozen,1.0,15,0.5387451912263893,0.08768780186037874,0.5753534505168247,402.6
ppg_only,scratch,finetune,0.1,15,0.5514987772249448,0.06736310299530832,0.6211887546520959,40.13333333333333
ppg_only,scratch,finetune,0.25,15,0.5827082512031849,0.06627742728977867,0.6743769286838489,100.86666666666666
ppg_only,scratch,finetune,0.5,15,0.5887822910984901,0.07882080639168931,0.6901937228181018,201.53333333333333
ppg_only,scratch,finetune,1.0,15,0.602609303902259,0.05635285200166346,0.7095313858933348,402.6
