config,arch,aug,loss,lr,n,val_auc_ema,val_auc_ema_sd,val_auc_raw,epochs,val_auc_ema_se
mousavi_attn_cnn_rnn|aug1|focal|lr0.001,mousavi_attn_cnn_rnn,1,focal,0.001,15,0.9362115507315444,0.03684109041247435,0.9412140299723947,13.8,0.00951232864157566
mousavi_attn_cnn_rnn|aug1|bce_ls|lr0.001,mousavi_attn_cnn_rnn,1,bce_ls,0.001,15,0.933656904937832,0.03984716777155865,0.937814637193432,16.333333333333332,0.010288494478185304
mousavi_attn_cnn_rnn|aug0|focal|lr0.001,mousavi_attn_cnn_rnn,0,focal,0.001,15,0.9332020860267739,0.03751632089162576,0.9370331363091277,12.666666666666666,0.009686672401615996
mousavi_attn_cnn_rnn|aug0|bce_ls|lr0.001,mousavi_attn_cnn_rnn,0,bce_ls,0.001,15,0.9315328971768092,0.03731765980668866,0.9339111462769037,12.733333333333333,0.009635378330049273
tcn_feat|aug1|focal|lr0.001,tcn_feat,1,focal,0.001,15,0.9253838461124333,0.052032633139954786,0.9310382361727402,14.933333333333334,0.013434768107357668
mousavi_attn_cnn_rnn|aug1|focal|lr0.0003,mousavi_attn_cnn_rnn,1,focal,0.0003,15,0.9238005374431337,0.04053517353648899,0.9255531526470028,16.333333333333332,0.010466136802829965
mousavi_attn_cnn_rnn|aug0|focal|lr0.0003,mousavi_attn_cnn_rnn,0,focal,0.0003,15,0.923679420784855,0.040856995429008204,0.926475222611872,15.733333333333333,0.010549230858174755
mousavi_attn_cnn_rnn|aug0|bce_ls|lr0.0003,mousavi_attn_cnn_rnn,0,bce_ls,0.0003,15,0.9232245356081202,0.039457745439882404,0.9244826920066817,15.8,0.010187946064503746
tcn_feat|aug0|focal|lr0.001,tcn_feat,0,focal,0.001,15,0.9224512037592149,0.04965379961133664,0.9217920447147386,11.0,0.012820555931375141
tcn_feat|aug0|bce_ls|lr0.001,tcn_feat,0,bce_ls,0.001,15,0.9216615353296298,0.05108716678085703,0.9249374431041572,13.266666666666667,0.013190649743145336
tcn_feat|aug1|bce_ls|lr0.001,tcn_feat,1,bce_ls,0.001,15,0.9205592686759274,0.055022921358615,0.9254831222659118,17.933333333333334,0.014206857205439752
resnet1d_feat|aug0|bce_ls|lr0.001,resnet1d_feat,0,bce_ls,0.001,15,0.9200306863755608,0.043619869278786444,0.923235032835684,13.866666666666667,0.011262601818698962
mousavi_attn_cnn_rnn|aug1|bce_ls|lr0.0003,mousavi_attn_cnn_rnn,1,bce_ls,0.0003,15,0.919979300951192,0.03771230971614141,0.9217506158077663,16.6,0.00973727649850879
resnet1d_feat|aug0|focal|lr0.001,resnet1d_feat,0,focal,0.001,15,0.9195002847175473,0.0437009838785838,0.9212951584397774,13.333333333333334,0.011283545518308924
tcn_feat|aug1|focal|lr0.0003,tcn_feat,1,focal,0.0003,15,0.9149819693466258,0.05283186045069579,0.9186769585337821,15.733333333333333,0.013641127711646604
tcn_feat|aug0|focal|lr0.0003,tcn_feat,0,focal,0.0003,15,0.9146320329969133,0.048234604842929636,0.9142734241644852,13.066666666666666,0.012454121417837473
tcn|aug0|focal|lr0.001,tcn,0,focal,0.001,15,0.9126859871004457,0.05045355258252699,0.910344521535524,12.8,0.013027051260608482
resnet1d_feat|aug1|focal|lr0.001,resnet1d_feat,1,focal,0.001,15,0.9123762424134689,0.054377730433991626,0.9182955512978842,17.933333333333334,0.014040269625027052
tcn_feat|aug0|bce_ls|lr0.0003,tcn_feat,0,bce_ls,0.0003,15,0.9120203187298783,0.047390794934886925,0.9109176142249054,15.133333333333333,0.01223625063642319
tcn|aug0|bce_ls|lr0.001,tcn,0,bce_ls,0.001,15,0.9117387347522783,0.04932894648978123,0.9118509912827106,15.066666666666666,0.012736679216058634
resnet1d_feat|aug1|bce_ls|lr0.001,resnet1d_feat,1,bce_ls,0.001,15,0.9107319083101749,0.046271980313458964,0.9169930567045371,18.0,0.011947373943337601
tcn|aug1|bce_ls|lr0.001,tcn,1,bce_ls,0.001,15,0.9098815634916821,0.05854469957994802,0.9106781885316076,15.066666666666666,0.015116176432123669
tcn_feat|aug1|bce_ls|lr0.0003,tcn_feat,1,bce_ls,0.0003,15,0.9083908790331651,0.052096074476519816,0.9119495471449505,18.133333333333333,0.013451148590022834
tcn|aug1|focal|lr0.001,tcn,1,focal,0.001,15,0.9053183359075878,0.0570786220776656,0.9083276793864421,14.8,0.014737636848751056
resnet1d|aug0|focal|lr0.001,resnet1d,0,focal,0.001,15,0.9041143525031955,0.0527257710727809,0.9102383861774664,13.0,0.013613735552055011
tcn|aug0|focal|lr0.0003,tcn,0,focal,0.0003,15,0.9041132771916598,0.052595540497668146,0.9085632466462241,13.8,0.013580110162149765
tcn|aug0|bce_ls|lr0.0003,tcn,0,bce_ls,0.0003,15,0.9038240388410961,0.05177985846611165,0.9053909325080709,16.4,0.013369501967215168
inceptiontime|aug0|focal|lr0.001,inceptiontime,0,focal,0.001,15,0.9034827210748412,0.056646926396140364,0.9063291464376879,14.533333333333333,0.014626173503072597
tcn|aug1|focal|lr0.0003,tcn,1,focal,0.0003,15,0.9031682811623896,0.055430468174422015,0.9052596181989085,15.6,0.014312085340801113
resnet1d|aug1|focal|lr0.001,resnet1d,1,focal,0.001,15,0.9019068922388713,0.054566374438364956,0.9045675768184135,17.333333333333332,0.014088977297513704
tcn|aug1|bce_ls|lr0.0003,tcn,1,bce_ls,0.0003,15,0.9017791859256732,0.05369460745997268,0.9036326545615098,16.866666666666667,0.013863888031574581
resnet1d|aug1|bce_ls|lr0.001,resnet1d,1,bce_ls,0.001,15,0.899970116237016,0.050850724350715616,0.9002108901606204,15.266666666666667,0.013129600570193703
resnet1d_feat|aug1|focal|lr0.0003,resnet1d_feat,1,focal,0.0003,15,0.8995330850425609,0.05584927035071644,0.9024515530642974,19.0,0.01442021959774403
inceptiontime|aug1|focal|lr0.001,inceptiontime,1,focal,0.001,15,0.8994200927521357,0.060861312368814965,0.9018985729524382,14.6,0.01571432328218319
inceptiontime|aug1|bce_ls|lr0.001,inceptiontime,1,bce_ls,0.001,15,0.8987219873871196,0.059166810110052266,0.9039828794169215,14.866666666666667,0.015276804680296604
resnet1d_feat|aug0|focal|lr0.0003,resnet1d_feat,0,focal,0.0003,15,0.8985991759102908,0.0542956219601785,0.9044658787324369,16.733333333333334,0.01401906930824967
resnet1d|aug0|bce_ls|lr0.001,resnet1d,0,bce_ls,0.001,15,0.8974609115730933,0.049046076895057376,0.9000740779768,15.0,0.012663642600757705
inceptiontime|aug0|bce_ls|lr0.001,inceptiontime,0,bce_ls,0.001,15,0.8966873398911853,0.06028574057024721,0.9029995308673141,12.866666666666667,0.015565711282823217
inceptiontime|aug1|focal|lr0.0003,inceptiontime,1,focal,0.0003,15,0.8934414278362232,0.05933081728525071,0.8995877529254412,16.066666666666666,0.01531915115084341
resnet1d|aug1|focal|lr0.0003,resnet1d,1,focal,0.0003,15,0.8926533474661043,0.05539218831205273,0.8941168453757871,18.6,0.01430220152283769
inceptiontime|aug0|focal|lr0.0003,inceptiontime,0,focal,0.0003,15,0.8922026149654307,0.06093871566404121,0.8986134835230882,14.333333333333334,0.015734308727073376
resnet1d_feat|aug1|bce_ls|lr0.0003,resnet1d_feat,1,bce_ls,0.0003,15,0.8910666724175792,0.0530075781979267,0.8962490078650661,19.8,0.013686497838890498
resnet1d_feat|aug0|bce_ls|lr0.0003,resnet1d_feat,0,bce_ls,0.0003,15,0.8908132826592978,0.05650914310507488,0.8967319442754825,19.133333333333333,0.014590598010293778
inceptiontime|aug0|bce_ls|lr0.0003,inceptiontime,0,bce_ls,0.0003,15,0.8898671442104059,0.0583204759007736,0.8939926624702504,16.333333333333332,0.01505828212710581
inceptiontime|aug1|bce_ls|lr0.0003,inceptiontime,1,bce_ls,0.0003,15,0.8876320319688378,0.059087089958443785,0.8971147231585709,15.2,0.015256221025660818
resnet1d|aug1|bce_ls|lr0.0003,resnet1d,1,bce_ls,0.0003,15,0.883795390790082,0.05902041856470441,0.8889426148758012,19.6,0.015239006545819415
resnet1d|aug0|focal|lr0.0003,resnet1d,0,focal,0.0003,15,0.8823896377041204,0.05450758113223957,0.8886176661287349,16.4,0.014073796931147565
resnet1d|aug0|bce_ls|lr0.0003,resnet1d,0,bce_ls,0.0003,15,0.8791534912418882,0.059021906338453986,0.8838955582683955,19.8,0.01523939068734975
