fold,T,ece_raw,ece_cal,brier_raw,brier_cal
concat_seed0_fold0,0.3795917402492977,0.16382422874204253,0.12516153297003577,0.15169449763863826,0.14036377476202822
concat_seed0_fold1,0.3613548005466018,0.21483165100842963,0.1739827139976145,0.2057213989092146,0.181098901567938
concat_seed0_fold2,0.4560257124609901,0.15198705888400643,0.1452071556853036,0.19576283821148127,0.17976358442027549
concat_seed0_fold3,0.32478574714893854,0.17566194776761332,0.10225657954559486,0.19513488860648223,0.1587505753451514
concat_seed0_fold4,0.2943305326317525,0.12701211655038896,0.18113717234740823,0.19242124651122197,0.19933326169885737
concat_seed1_fold0,0.2902079440673217,0.13544346830424142,0.15065094477990096,0.1725489761296976,0.17304263725078128
concat_seed1_fold1,0.4797167234744965,0.1482379661888635,0.1665986633601309,0.1765323708008009,0.1532287157921743
concat_seed1_fold2,0.30526005433189984,0.22026158945035126,0.1477861328650329,0.16450572696284382,0.1488986397305323
concat_seed1_fold3,0.24761911434247375,0.1943527854095071,0.06124160565057044,0.1818968778916524,0.14160640516731243
concat_seed1_fold4,0.3637683479366247,0.12060996927952362,0.12295819541155281,0.19974976099137665,0.19391364277942885
concat_seed2_fold0,0.3454938315899288,0.21118697298675024,0.12337726041549395,0.18189486276171082,0.1538427568977449
concat_seed2_fold1,0.47047206196975844,0.12148043600951923,0.18597546085214414,0.20360562876833482,0.22180518994482878
concat_seed2_fold2,0.31050892753051423,0.1820031392498542,0.11352062086432665,0.16339989777113953,0.12885607592287823
concat_seed2_fold3,0.2572875525313377,0.16361341530741272,0.1283009906252057,0.17117031965434618,0.1739828863932858
concat_seed2_fold4,0.49612972098475605,0.18363158127008858,0.13449423015117645,0.16860292406803457,0.14015613864334722
concat_seed3_fold0,0.39496285793124275,0.13761623341496254,0.14464473373749676,0.22196401418273395,0.20058092337300062
concat_seed3_fold1,0.4107489953251296,0.2015920879961062,0.09082505419975569,0.15775785605704395,0.12499139206194622
concat_seed3_fold2,0.1997605820855121,0.2219029859466068,0.06481806412970616,0.17927436560838828,0.1324593982222733
concat_seed3_fold3,0.4432048928443015,0.12042783554327692,0.13008242049964808,0.1930354875487944,0.17960156626499432
concat_seed3_fold4,0.21768410701346938,0.16463951122457698,0.11291920224804496,0.182629412662271,0.16121031904766164
concat_seed4_fold0,0.3797273754519393,0.1806742863244369,0.10808908886143138,0.18844839834175858,0.17031169066217808
concat_seed4_fold1,0.3279457465163836,0.13024774920038817,0.07477341078910507,0.2002478980669481,0.19084313796621222
concat_seed4_fold2,0.27764612432491,0.16711441061254273,0.17101846357523384,0.19228375997699723,0.18331340253316486
concat_seed4_fold3,0.14260130502842402,0.1815335722798008,0.14463756107172723,0.22517704465630925,0.1701730412038532
concat_seed4_fold4,0.5207655848593117,0.16946148518788612,0.12311257295689342,0.19031320375164673,0.1765163734983277
concat_seed5_fold0,0.3518526215541095,0.17900446658374883,0.12448260613850184,0.2155622612168733,0.19034012013082724
concat_seed5_fold1,0.4122454973286728,0.1844237091160622,0.1112172986779894,0.17040625887175262,0.13968463761639463
concat_seed5_fold2,0.17818160783738277,0.17179233201984628,0.13606304441720754,0.18594452259933958,0.17028631158938345
concat_seed5_fold3,0.5466097793114992,0.10758416790325763,0.065883410810414,0.15504796034448803,0.14442409483613058
concat_seed5_fold4,0.21197296197156507,0.1655518354500754,0.08616081738876086,0.21306089867017458,0.1749689262888334
concat_seed6_fold0,0.19958115205422772,0.19349582944096635,0.11843001620233562,0.19901236921446563,0.17831775150088536
concat_seed6_fold1,0.2879624648693101,0.20884302978505606,0.11034589216989632,0.17597915575723344,0.14268681529990448
concat_seed6_fold2,0.6449270057478251,0.1216905737074755,0.1016381929739047,0.16778339021199998,0.16026997416767225
concat_seed6_fold3,0.5206781369862651,0.11260811952968777,0.0677877739071846,0.16490922044534428,0.1523131348273141
concat_seed6_fold4,0.37478560370950875,0.14134054833044443,0.10542700846947858,0.18012115121065664,0.16019979483344093
concat_seed7_fold0,0.24012449951417816,0.17352874314083772,0.1257422017637922,0.20348534318309203,0.18417288335601367
concat_seed7_fold1,0.21818912802255488,0.2209989000268343,0.16481419098602623,0.20360497952212145,0.1693505901705952
concat_seed7_fold2,0.39585207937546907,0.12248562794115585,0.09787113497317847,0.16243070134180868,0.1427449335237569
concat_seed7_fold3,0.22376138966030143,0.1948056493775319,0.12143387493945783,0.22350454332380773,0.19012142014078567
concat_seed7_fold4,0.20953366261176082,0.13730562301510474,0.11347428635078467,0.17311294921338707,0.1532502007405627
concat_seed8_fold0,0.40695310031996446,0.14725751160573558,0.1330498358031281,0.20118968195213868,0.18489663085325203
concat_seed8_fold1,0.3374310747717976,0.21441398022555505,0.1267530190594056,0.18185788851530918,0.1571321061119746
concat_seed8_fold2,0.14972227290451046,0.22770967321880795,0.12104294183900802,0.19255180982519232,0.13895152005394282
concat_seed8_fold3,0.12902468850705437,0.20691799359806518,0.12498865099781652,0.22747151464551033,0.18191246675282982
concat_seed8_fold4,0.41055173409366674,0.14160186961545781,0.10005216609876036,0.21076002561852514,0.19508591056425978
concat_seed9_fold0,0.22498221193867357,0.14509805961817251,0.06193810141011447,0.19354130759515445,0.16164421985758906
concat_seed9_fold1,0.33093171872764693,0.12080699937934634,0.0837968570657638,0.19756699750589846,0.18621597662541356
concat_seed9_fold2,0.3305837448619842,0.15510476671032986,0.09917528801045175,0.152924557863518,0.12386546500006064
concat_seed9_fold3,0.46023903134421573,0.17691799859374255,0.13712610724240035,0.19389999460049653,0.17624301991210065
concat_seed9_fold4,0.3129205049394239,0.1902592014205658,0.16654215765706562,0.2022050658296899,0.19246045237385762
