threshold,net_benefit_model,net_benefit_alarm_all
0.05,0.34415007112375534,0.3438833570412518
0.06,0.33669134560092007,0.3369033927544566
0.07,0.33074687590816626,0.3297733217088056
0.08,0.3252497062279671,0.3224882491186839
0.09,0.3192790317790318,0.31504306504306506
0.09999999999999999,0.3125,0.30743243243243246
0.10999999999999999,0.30619875493471,0.2996507743698755
0.12,0.2996314496314496,0.2916922604422605
0.13,0.29444897483690585,0.2835507921714818
0.13999999999999999,0.2892441860465116,0.27521998742928977
0.14999999999999997,0.28415143084260736,0.2666931637519873
0.15999999999999998,0.2794321106821107,0.2579633204633205
0.16999999999999998,0.2737463366981439,0.24902311950504727
0.18,0.2690754779169413,0.2398648648648649
0.19,0.2642663496830164,0.2304804804804805
0.19999999999999996,0.25916385135135134,0.22086148648648654
0.20999999999999996,0.25464206294902497,0.21099897365720158
0.21999999999999997,0.249488911988912,0.20088357588357594
0.22999999999999998,0.24484248859248858,0.19050544050544055
0.24,0.24022937411095308,0.17985419630156477
0.24999999999999994,0.23468468468468467,0.168918918918919
0.25999999999999995,0.23043736303871437,0.15768809349890436
0.26999999999999996,0.22508330248056274,0.14614957423176606
0.27999999999999997,0.22037349849849852,0.1342905405405406
0.29,0.21536210506280928,0.12209744956223834
0.3,0.2116795366795367,0.10955598455598459
0.30999999999999994,0.20776292596944773,0.09665099882491196
0.31999999999999995,0.2027325119236884,0.08336645468998422
0.32999999999999996,0.19835367083501415,0.06968535699878992
0.33999999999999997,0.1947379197379198,0.05558968058968072
0.3499999999999999,0.19096933471933478,0.04106029106029124
0.35999999999999993,0.18706714527027032,0.02607685810810828
0.36999999999999994,0.1842610467610468,0.010617760617760819
0.37999999999999995,0.17874891020052314,-0.0053400174367914666
0.38999999999999996,0.17675841825431993,-0.021821001329197898
0.3999999999999999,0.17212837837837844,-0.03885135135135115
0.4099999999999999,0.16731562070545122,-0.05645900137425541
0.41999999999999993,0.16378727865796838,-0.07467381174277704
0.42999999999999994,0.15966394025604555,-0.09352773826458016
0.43999999999999995,0.15393339768339767,-0.11305501930501916
0.4499999999999999,0.150691031941032,-0.13329238329238308
0.4599999999999999,0.1456894394394395,-0.15427927927927904
0.4699999999999999,0.14318268740438553,-0.17605813360530326
0.4799999999999999,0.13935810810810811,-0.19867463617463604
0.48999999999999994,0.13700649178590357,-0.22217806041335436
0.49999999999999994,0.1337837837837838,-0.24662162162162143
0.5099999999999999,0.1304364313292885,-0.2720628792057361
0.5199999999999999,0.12688626126126126,-0.298564189189189
0.5299999999999999,0.12363786658999432,-0.32619321449108646
0.5399999999999999,0.12223854289071687,-0.3550235017626319
0.5499999999999999,0.11895645645645647,-0.3851351351351348
0.5599999999999999,0.11497235872235873,-0.41661547911547886
0.57,0.11408312382149596,-0.4495600251414202
0.58,0.10800353925353928,-0.48407335907335886
0.59,0.10473384970336194,-0.52027027027027
0.6,0.10295608108108109,-0.5582770270270268
0.61,0.09922037422037425,-0.5982328482328481
0.62,0.09499466571834994,-0.6402916073968703
0.63,0.09243060628195762,-0.6846238130021911
0.6399999999999999,0.08918918918918925,-0.7314189189189182
0.6499999999999999,0.08325289575289582,-0.7808880308880302
0.6599999999999999,0.07869634340222581,-0.8332670906200312
0.6699999999999999,0.07582411957411961,-0.8888206388206383
0.6799999999999999,0.07320523648648652,-0.9478462837837833
0.69,0.06954555361813429,-1.0106800348735827
0.7,0.06520270270270272,-1.0777027027027024
0.71,0.06279706430568502,-1.1493476234855542
0.72,0.05518822393822394,-1.2261100386100383
0.73,0.04901776776776781,-1.308558558558558
0.74,0.048297817047817077,-1.397349272349272
0.7499999999999999,0.04290540540540547,-1.4932432432432419
0.7599999999999999,0.03724662162162168,-1.597128378378377
0.7699999999999999,0.034459459459459524,-1.7100470035252633
0.7799999999999999,0.028639434889434948,-1.833230958230957
0.7899999999999999,0.026962676962677012,-1.9681467181467165
0.7999999999999999,0.026351351351351374,-2.116554054054053
0.8099999999999999,0.023701991465149397,-2.28058321479374
0.82,0.020439189189189216,-2.462837837837837
0.83,0.01997217806041339,-2.6665341812400625
0.84,0.01402027027027028,-2.8956925675675667
0.8499999999999999,0.00929054054054064,-3.1554054054054017
0.8599999999999999,0.007818532818532925,-3.4522200772200726
0.8699999999999999,0.01077182952182959,-3.7946985446985404
0.8799999999999999,0.008164414414414484,-4.194256756756752
0.8899999999999999,0.0053746928746929434,-4.666461916461911
0.8999999999999999,0.0027027027027027722,-5.233108108108102
0.9099999999999999,-0.008990240240240172,-5.925675675675669
0.9199999999999999,-0.011739864864864807,-6.791385135135127
0.9299999999999999,-0.01920849420849413,-7.904440154440145
0.94,-0.01480855855855849,-9.388513513513503
0.95,-0.011655405405405356,-11.466216216216203
