accuracy,f1,auc,sens,spec,challenge,model,group,dataset,n_seeds,bootstrap_f1_best_minus_model
0.8758410482837203,0.8268464038555676,0.94764551090652,0.7948241158894453,0.9259432606256959,67.46476549775217,"Ensemble (logit mean, 10 models)",ensemble,"Challenge 2015 (PPG cohort, 5-fold CV)",10,-
0.8640222190571144,0.8248390294010085,0.9450147224318313,0.8564173971085295,0.8701472769205005,71.4827545986527,Ensemble (LR stacker),ensemble,"Challenge 2015 (PPG cohort, 5-fold CV)",10,"+0.002 [-0.013, +0.019]"
0.8711095285571855,0.8182397198590671,0.9387936121195988,0.7818822658883131,0.9254342629366215,66.23502023533015,XGBoost on features v2,classical,"Challenge 2015 (PPG cohort, 5-fold CV)",10,"+0.008 [-0.007, +0.022]"
0.8667112946873665,0.8018696608641649,0.9467697050438757,0.7251492505090059,0.9525134740806745,61.79199968982172,Extra Trees on features v2,classical,"Challenge 2015 (PPG cohort, 5-fold CV)",10,"+0.024 [+0.001, +0.047]"
0.8521991169349095,0.7912651694760402,0.9284625695093061,0.7620413947807207,0.908566407844381,63.55031910178725,SVM (RBF) on features v2,classical,"Challenge 2015 (PPG cohort, 5-fold CV)",10,"+0.034 [+0.020, +0.048]"
0.8567896311066799,0.8017109375870477,0.9268992787333379,0.778092113694226,0.9056064536586017,64.7619134049403,MLP on features v2,classical,"Challenge 2015 (PPG cohort, 5-fold CV)",10,"+0.025 [+0.008, +0.042]"
0.8626819541375873,0.795213012656734,0.9375375702836117,0.7165200212225816,0.951815294614017,60.973898373469574,Random Forest on features v2,classical,"Challenge 2015 (PPG cohort, 5-fold CV)",10,"+0.031 [+0.010, +0.052]"
0.8518857712576556,0.8007495980289352,0.9282021104824157,0.7989108649364551,0.8856946970163377,65.94851130222837,Logistic regression on features v2,classical,"Challenge 2015 (PPG cohort, 5-fold CV)",10,"+0.026 [+0.010, +0.044]"
0.8513744480843186,0.798277216050996,0.9179872072545809,0.7875853321374123,0.8910635467059174,64.9931417838751,HistGB on features v1,classical,"Challenge 2015 (PPG cohort, 5-fold CV)",10,"+0.029 [+0.004, +0.054]"
0.8201410055547643,0.7597054299930912,0.884091614177725,0.7638758440771685,0.8538687241895074,61.43077257251498,ResNet1D (deep),deep,"Challenge 2015 (PPG cohort, 5-fold CV)",10,"+0.067 [+0.041, +0.093]"
0.8099116934909557,0.7511938812983605,0.886516798608274,0.7648471424337526,0.837827966601554,60.480643209567816,TCN (deep),deep,"Challenge 2015 (PPG cohort, 5-fold CV)",10,"+0.076 [+0.051, +0.102]"
0.7955490670844609,0.7316869925209705,0.8762916135329566,0.7451506435902473,0.8267037047752843,58.33574327735508,InceptionTime (deep),deep,"Challenge 2015 (PPG cohort, 5-fold CV)",10,"+0.095 [+0.068, +0.122]"
0.7571186440677967,0.6929480415370756,0.8358426195172156,0.7309717040556398,0.7725133344590546,54.44991991335075,CNN concat fusion (deep),deep,"Challenge 2015 (PPG cohort, 5-fold CV)",10,"+0.134 [+0.098, +0.171]"
0.7646745477852157,0.6986948307340605,0.8409224787916684,0.7342773572385894,0.7855174694582441,55.380218427938644,CNN cross-attention fusion (proposed),deep,"Challenge 2015 (PPG cohort, 5-fold CV)",10,"+0.128 [+0.094, +0.161]"
0.8746417889189576,0.8390302768728809,0.9480471618520234,0.8699415899557249,0.877583083492825,73.52669033831356,Ensemble incl. hybrid deep (LR stacker),ensemble,"Challenge 2015 (PPG cohort, 5 seeds, incl. hybrid deep recipe)",5,"-0.008 [-0.026, +0.012]"
0.8783164791340267,0.8300966371743206,0.9497736169272875,0.7951230356902103,0.928408044033366,67.64297924039582,Ensemble incl. hybrid deep (mean),ensemble,"Challenge 2015 (PPG cohort, 5 seeds, incl. hybrid deep recipe)",5,-
0.8753197550206524,0.8318238234785081,0.9320376583337792,0.8249130748177937,0.9057366174241017,69.66256167296049,"Hybrid deep: attn CNN-RNN + features, aug/EMA/TTA/ens",deep,"Challenge 2015 (PPG cohort, 5 seeds, incl. hybrid deep recipe)",5,"-0.002 [-0.029, +0.026]"
0.8699074205953569,0.8160671395435972,0.938439031415198,0.7748417714315843,0.9260263919623545,65.60467218115669,XGBoost on features v2,classical,"Challenge 2015 (PPG cohort, 5 seeds, incl. hybrid deep recipe)",5,"+0.013 [-0.005, +0.032]"
0.8682267483264492,0.8034617236745492,0.9455153006200132,0.7233849862049431,0.9550617629646296,61.65364500552836,Extra Trees on features v2,classical,"Challenge 2015 (PPG cohort, 5 seeds, incl. hybrid deep recipe)",5,"+0.026 [+0.001, +0.049]"
0.855382424156103,0.7995020266321303,0.9301842406250188,0.7717393633163137,0.9057967395410951,64.049901203648,SVM (RBF) on features v2,classical,"Challenge 2015 (PPG cohort, 5 seeds, incl. hybrid deep recipe)",5,"+0.030 [+0.014, +0.047]"
0.85336846603048,0.7966337431600489,0.9248287885262786,0.7711043901241164,0.9033733638881835,63.91927583114152,MLP on features v2,classical,"Challenge 2015 (PPG cohort, 5 seeds, incl. hybrid deep recipe)",5,"+0.033 [+0.013, +0.054]"
0.8628201110952856,0.7936664752936146,0.9373033871369735,0.7092556617768182,0.9550337139878232,60.49600263299598,Random Forest on features v2,classical,"Challenge 2015 (PPG cohort, 5 seeds, incl. hybrid deep recipe)",5,"+0.036 [+0.012, +0.058]"
0.8540549779233727,0.8041046717487415,0.9278350508434626,0.8030167497645787,0.8859982888787907,66.41770411160745,Logistic regression on features v2,classical,"Challenge 2015 (PPG cohort, 5 seeds, incl. hybrid deep recipe)",5,"+0.026 [+0.007, +0.047]"
0.8304173194701611,0.7778543274837701,0.8914545939252438,0.7898279178774463,0.8546433329380485,63.61637753046969,ResNet1D (deep),deep,"Challenge 2015 (PPG cohort, 5 seeds, incl. hybrid deep recipe)",5,"+0.053 [+0.025, +0.079]"
0.773619142572283,0.712974668932839,0.8422397728277968,0.7535592641148772,0.787479233711811,57.09480188660963,CNN cross-attention fusion (proposed),deep,"Challenge 2015 (PPG cohort, 5 seeds, incl. hybrid deep recipe)",5,"+0.117 [+0.084, +0.154]"
0.9053864168618266,0.8488135485397132,0.964044516829533,0.9450000000000001,0.889902280130293,85.27682555491091,Ensemble incl. hybrid deep (LR stacker),ensemble,"VTaC (official split, 5 seeds)",5,"+0.009 [-0.014, +0.033]"
0.9124121779859484,0.8438343998940248,0.9571498371335505,0.8416666666666666,0.9400651465798046,77.4572398568395,Ensemble incl. hybrid deep (logit mean),ensemble,"VTaC (official split, 5 seeds)",5,"+0.014 [-0.028, +0.058]"
0.91288056206089,0.8575919179076745,0.9658957654723126,0.9333333333333332,0.9048859934853419,84.93971453753883,"Hybrid deep: attn CNN-RNN + features, aug/EMA/TTA/ens",deep,"VTaC (official split, 5 seeds)",5,-
0.9100702576112413,0.838964387911485,0.9553474484256244,0.8333333333333334,0.9400651465798046,76.65138941727358,"Ensemble (logit mean, 10 models)",ensemble,"VTaC (official split, 5 seeds)",5,"+0.019 [-0.023, +0.061]"
0.8866510538641685,0.8175007815348024,0.95314332247557,0.9033333333333333,0.8801302931596091,80.00202957691913,Ensemble (LR stacker),ensemble,"VTaC (official split, 5 seeds)",5,"+0.040 [+0.007, +0.073]"
0.8946135831381733,0.814438578139186,0.9423398479913138,0.8233333333333333,0.9224755700325733,74.69079420032229,XGBoost on features v2,classical,"VTaC (official split, 5 seeds)",5,"+0.043 [+0.002, +0.086]"
0.8814988290398127,0.7721734977215043,0.9339793702497285,0.7150000000000001,0.9465798045602606,66.7915329164808,Extra Trees on features v2,classical,"VTaC (official split, 5 seeds)",5,"+0.085 [+0.033, +0.143]"
0.8913348946135832,0.8059330298970128,0.9481541802388707,0.8033333333333333,0.9257328990228013,73.04139529591177,SVM (RBF) on features v2,classical,"VTaC (official split, 5 seeds)",5,"+0.052 [+0.009, +0.097]"
0.8997658079625293,0.8209608900379329,0.949158523344191,0.8183333333333334,0.9315960912052116,74.76505904688202,MLP on features v2,classical,"VTaC (official split, 5 seeds)",5,"+0.037 [-0.006, +0.080]"
0.8847775175644028,0.7791512349824417,0.9288789359391967,0.725,0.9472312703583061,67.67840971786939,Random Forest on features v2,classical,"VTaC (official split, 5 seeds)",5,"+0.078 [+0.028, +0.132]"
0.8725995316159251,0.769094843130184,0.9369272529858849,0.755,0.9185667752442995,68.4183946589635,Logistic regression on features v2,classical,"VTaC (official split, 5 seeds)",5,"+0.088 [+0.031, +0.145]"
0.82903981264637,0.7345454545454545,0.9135450597176982,0.8416666666666666,0.8241042345276874,70.37773359840955,HistGB on features v1,classical,"VTaC (official split, 5 seeds)",5,"+0.123 [+0.072, +0.174]"
0.8519906323185011,0.7499308289180486,0.9146688382193269,0.7916666666666666,0.8755700325732899,69.17586967460689,ResNet1D (deep),deep,"VTaC (official split, 5 seeds)",5,"+0.108 [+0.073, +0.143]"
0.8562060889929743,0.760278307110366,0.9189359391965255,0.8133333333333332,0.8729641693811075,70.9423155409204,TCN (deep),deep,"VTaC (official split, 5 seeds)",5,"+0.097 [+0.065, +0.132]"
0.8566744730679157,0.7754480445207571,0.932643865363735,0.8783333333333333,0.8482084690553746,75.4053370830699,CNN bidirectional cross-attention (deep),deep,"VTaC (official split, 5 seeds)",5,"+0.082 [+0.051, +0.115]"
0.8374707259953162,0.7436541102383872,0.9086862106406081,0.8383333333333333,0.8371335504885995,70.91144119834145,CNN concat fusion (deep),deep,"VTaC (official split, 5 seeds)",5,"+0.114 [+0.078, +0.152]"
0.8444964871194379,0.7462606580963331,0.9145602605863192,0.8133333333333332,0.8566775244299674,69.9048037365581,CNN cross-attention fusion (proposed),deep,"VTaC (official split, 5 seeds)",5,"+0.111 [+0.073, +0.151]"
