baseline,challenger,n_pairs,f1_mean_diff,nb_t,nb_p,boot_diff[f1@t50],boot_ci[f1@t50],boot_p[f1@t50],boot_diff[challenge_score@t50],boot_ci[challenge_score@t50],boot_p[challenge_score@t50],boot_diff[specificity@s95],boot_ci[specificity@s95],boot_p[specificity@s95],nb_p_holm,boot_p[f1@t50]_holm,boot_p[challenge_score@t50]_holm,boot_p[specificity@s95]_holm
concat,cross_attention,5,0.002606547857945829,0.29994366105715864,0.7791613966211914,0.0026065478579458956,"[-0.041, +0.045]",0.9192,-1.006637461783356,"[-6.792, +4.759]",0.7252,0.022149837133550343,"[-0.015, +0.061]",0.2452,1.0,1.0,1.0,0.9808
ecg_only,cross_attention,5,0.0433836577283178,3.3963876001199633,0.027368283231497738,0.03709908084148095,"[-0.005, +0.082]",0.0856,4.232279884538414,"[-0.937, +9.458]",0.1052,-0.017589576547231367,"[-0.057, +0.023]",0.3864,0.2189462658519819,0.428,0.4208,1.0
ppg_only,cross_attention,5,0.18803985619020203,12.147025444675432,0.00026357213929159627,0.18025169448174072,"[+0.125, +0.239]",0.0,17.549995893997675,"[+10.931, +24.347]",0.0,0.4351791530944624,"[+0.390, +0.483]",0.0,0.0023721492536243663,0.0,0.0,0.0
ecg_only,concat,5,0.040777109870371975,2.249100263733018,0.08773256393605805,0.03449253298353505,"[+0.007, +0.063]",0.012,5.23891734632177,"[+1.822, +8.817]",0.0016,-0.03973941368078171,"[-0.066, -0.014]",0.002,0.43866281968029025,0.096,0.009600000000000001,0.012
cross_attention,bi_cross_attention,5,0.029187386424424044,3.009691958420232,0.03956235661934376,0.029187386424423978,"[+0.005, +0.054]",0.0156,5.500533346511801,"[+2.490, +8.654]",0.0,0.04234527687296419,"[+0.016, +0.068]",0.0008,0.23737413971606253,0.1008,0.0,0.0056
cross_attention,gated_cross_attention,5,0.0121593994132142,1.0057993991709517,0.3714183530860435,0.01215939941321409,"[-0.013, +0.037]",0.3384,4.728222757856628,"[+1.884, +7.725]",0.0008,0.00846905537459297,"[-0.017, +0.034]",0.5528,1.0,1.0,0.0056,1.0
ecg_only,resnet1d,5,0.04705382855003333,3.3671509120694973,0.02811782857488163,0.04076925166319645,"[+0.007, +0.074]",0.0144,3.5033458225872067,"[-0.354, +7.136]",0.08,0.013680781758957594,"[-0.015, +0.043]",0.3496,0.2189462658519819,0.1008,0.4,1.0
resnet1d,cross_attention,5,-0.0036701708217155237,-0.31596904197677056,0.7678263510301783,-0.0036701708217155016,"[-0.044, +0.035]",0.8632,0.7289340619512075,"[-4.028, +5.416]",0.7568,-0.03127035830618896,"[-0.068, +0.005]",0.106,1.0,1.0,1.0,0.53
tcn,cross_attention,5,-0.014017649014032862,-0.7314393459934231,0.5050541333115683,-0.014017649014032907,"[-0.054, +0.026]",0.5044,-1.0375118043623104,"[-6.062, +3.966]",0.7024,-0.10228013029315974,"[-0.142, -0.063]",0.0,1.0,1.0,1.0,0.0
