fold,target,method,deletion,insertion
0,ppg,occlusion,0.7687575,0.8365608
0,ppg,occlusion,0.8153376,0.84938914
0,ppg,occlusion,0.32692128,0.41845968
0,ppg,occlusion,0.43229413,0.6633493
0,ppg,occlusion,0.59811413,0.74152124
0,ppg,occlusion,0.33704364,0.5773368
0,ppg,occlusion,0.37133026,0.4393502
0,ppg,occlusion,0.22721057,0.4333131
0,ppg,occlusion,0.34874326,0.39152107
0,ppg,occlusion,0.7342269,0.7947658
0,ppg,occlusion,0.5451678,0.6856695
0,ppg,occlusion,0.475304,0.607912
0,ppg,occlusion,0.6873859,0.7047266
0,ppg,occlusion,0.4758597,0.6004965
0,ppg,occlusion,0.6355257,0.7293249
0,ppg,occlusion,0.65533257,0.71450794
0,ppg,occlusion,0.3424893,0.54391843
0,ppg,occlusion,0.64724797,0.6850602
0,ppg,occlusion,0.52683115,0.59250903
0,ppg,occlusion,0.7056413,0.7807478
0,ppg,occlusion,0.5670814,0.75821984
0,ppg,occlusion,0.4319273,0.6801974
0,ppg,occlusion,0.44947425,0.7715636
0,ppg,occlusion,0.28082308,0.458419
0,ppg,occlusion,0.61690176,0.68735385
0,ppg,occlusion,0.58134717,0.6947404
0,ppg,occlusion,0.6339838,0.8358118
0,ppg,occlusion,0.6910276,0.82319605
0,ppg,occlusion,0.2767359,0.36116433
0,ppg,occlusion,0.73125494,0.7901703
0,ppg,occlusion,0.70154494,0.8005076
0,ppg,occlusion,0.68423647,0.76196545
0,ppg,occlusion,0.37825117,0.4626424
0,ppg,occlusion,0.4562664,0.68676656
0,ppg,occlusion,0.32148808,0.73500705
0,ppg,occlusion,0.5699251,0.6044198
0,ppg,occlusion,0.6104731,0.7914378
0,ppg,occlusion,0.80520487,0.8398134
0,ppg,occlusion,0.7079953,0.7846664
0,ppg,occlusion,0.3853818,0.4561964
0,ppg,ig,0.828417,0.78410286
0,ppg,ig,0.8440955,0.81745505
0,ppg,ig,0.37705722,0.3892678
0,ppg,ig,0.4087617,0.5924877
0,ppg,ig,0.7810671,0.67998886
0,ppg,ig,0.41809574,0.5476707
0,ppg,ig,0.38595513,0.4422473
0,ppg,ig,0.25172046,0.33570233
0,ppg,ig,0.36773184,0.38657835
0,ppg,ig,0.8064466,0.77453905
0,ppg,ig,0.49761102,0.6745872
0,ppg,ig,0.5525197,0.52662843
0,ppg,ig,0.7306131,0.6620939
0,ppg,ig,0.5884503,0.5680713
0,ppg,ig,0.7461676,0.63864696
0,ppg,ig,0.78433627,0.671479
0,ppg,ig,0.33816916,0.4496855
0,ppg,ig,0.65806955,0.6318414
0,ppg,ig,0.5840244,0.58221906
0,ppg,ig,0.8149338,0.707025
0,ppg,ig,0.54763025,0.7195848
0,ppg,ig,0.3698392,0.6696166
0,ppg,ig,0.2514834,0.7695585
0,ppg,ig,0.3294501,0.395444
0,ppg,ig,0.7870104,0.62355113
0,ppg,ig,0.67230684,0.62926865
0,ppg,ig,0.8157879,0.7347503
0,ppg,ig,0.7868144,0.74041986
0,ppg,ig,0.2818877,0.34672838
0,ppg,ig,0.7493909,0.74800086
0,ppg,ig,0.7990937,0.7556922
0,ppg,ig,0.7369997,0.69241446
0,ppg,ig,0.34886512,0.5044673
0,ppg,ig,0.6522102,0.5563602
0,ppg,ig,0.5803558,0.4411326
0,ppg,ig,0.55892396,0.5901281
0,ppg,ig,0.7687565,0.66192454
0,ppg,ig,0.8601396,0.8235791
0,ppg,ig,0.78279406,0.71631473
0,ppg,ig,0.309242,0.42736417
0,ppg,attention,0.8078154,0.8033537
0,ppg,attention,0.8348411,0.8360982
0,ppg,attention,0.35955003,0.3590875
0,ppg,attention,0.49822968,0.5443443
0,ppg,attention,0.64043343,0.73334885
0,ppg,attention,0.4128748,0.49789858
0,ppg,attention,0.4093807,0.46855438
0,ppg,attention,0.29597405,0.33401555
0,ppg,attention,0.35256982,0.38040748
0,ppg,attention,0.7351667,0.7920747
0,ppg,attention,0.5496894,0.6619431
0,ppg,attention,0.5797639,0.510493
0,ppg,attention,0.7234676,0.6614938
0,ppg,attention,0.5012834,0.5935229
0,ppg,attention,0.6872165,0.64300096
0,ppg,attention,0.7068376,0.6886507
0,ppg,attention,0.42136374,0.44955873
0,ppg,attention,0.6575955,0.67548615
0,ppg,attention,0.4684744,0.60095817
0,ppg,attention,0.7358864,0.728015
0,ppg,attention,0.62173253,0.7046991
0,ppg,attention,0.5338143,0.68379855
0,ppg,attention,0.6448407,0.7664476
0,ppg,attention,0.33098435,0.41467386
0,ppg,attention,0.6550521,0.6469993
0,ppg,attention,0.633942,0.64586234
0,ppg,attention,0.7843425,0.6982675
0,ppg,attention,0.73433113,0.7892575
0,ppg,attention,0.28494522,0.3373261
0,ppg,attention,0.7454839,0.7600731
0,ppg,attention,0.781262,0.8006723
0,ppg,attention,0.71790797,0.69747037
0,ppg,attention,0.37851688,0.5057679
0,ppg,attention,0.57408786,0.6034523
0,ppg,attention,0.42053974,0.5854745
0,ppg,attention,0.6115352,0.5904304
0,ppg,attention,0.72534895,0.6671321
0,ppg,attention,0.8285875,0.8463162
0,ppg,attention,0.748941,0.71801144
0,ppg,attention,0.4121568,0.41655028
0,ppg,random,0.80554754,0.83176804
0,ppg,random,0.8315433,0.83203334
0,ppg,random,0.3908356,0.37533158
0,ppg,random,0.5547932,0.51042837
0,ppg,random,0.7211539,0.6833674
0,ppg,random,0.52682936,0.47357926
0,ppg,random,0.42819127,0.4021636
0,ppg,random,0.3103805,0.3382931
0,ppg,random,0.3819235,0.36856
0,ppg,random,0.7848361,0.78247577
0,ppg,random,0.6357949,0.6011747
0,ppg,random,0.5099579,0.5106083
0,ppg,random,0.6904136,0.6981861
0,ppg,random,0.55461127,0.56446266
0,ppg,random,0.6734689,0.6987566
0,ppg,random,0.71376383,0.681564
0,ppg,random,0.45094427,0.42854112
0,ppg,random,0.65881544,0.64452255
0,ppg,random,0.5526597,0.5610294
0,ppg,random,0.7310157,0.7534628
0,ppg,random,0.70069504,0.6942984
0,ppg,random,0.6635142,0.57829714
0,ppg,random,0.6001777,0.56892365
0,ppg,random,0.35831165,0.37032118
0,ppg,random,0.64743865,0.6490799
0,ppg,random,0.6564304,0.6363374
0,ppg,random,0.75345105,0.7513298
0,ppg,random,0.74988675,0.7518918
0,ppg,random,0.31468362,0.3095417
0,ppg,random,0.75440794,0.7498454
0,ppg,random,0.75336134,0.75381345
0,ppg,random,0.71636844,0.72277236
0,ppg,random,0.4531516,0.4189717
0,ppg,random,0.5761759,0.5512109
0,ppg,random,0.43170357,0.4410038
0,ppg,random,0.5645317,0.58745176
0,ppg,random,0.72084236,0.7256235
0,ppg,random,0.8404997,0.8309086
0,ppg,random,0.7380498,0.73569477
0,ppg,random,0.41612953,0.38713852
0,ecg,occlusion,0.6790428,0.77788997
0,ecg,occlusion,0.66787374,0.7840499
0,ecg,occlusion,0.42783284,0.53629047
0,ecg,occlusion,0.4528694,0.54878366
0,ecg,occlusion,0.70816314,0.7714359
0,ecg,occlusion,0.8061138,0.8356125
0,ecg,occlusion,0.52371216,0.5848083
0,ecg,occlusion,0.5311128,0.6333696
0,ecg,occlusion,0.69532865,0.73111874
0,ecg,occlusion,0.723032,0.7965386
0,ecg,occlusion,0.8706104,0.8878699
0,ecg,occlusion,0.4854945,0.5858267
0,ecg,occlusion,0.5238269,0.6369939
0,ecg,occlusion,0.86966217,0.8773061
0,ecg,occlusion,0.48409435,0.6507847
0,ecg,occlusion,0.61302793,0.73458445
0,ecg,occlusion,0.7018463,0.7597405
0,ecg,occlusion,0.5545332,0.65692365
0,ecg,occlusion,0.42466316,0.5729717
0,ecg,occlusion,0.59366834,0.7324491
0,ecg,occlusion,0.4439046,0.53398764
0,ecg,occlusion,0.66525567,0.7238669
0,ecg,occlusion,0.4102726,0.5438682
0,ecg,occlusion,0.84886265,0.8726522
0,ecg,occlusion,0.62897193,0.71811795
0,ecg,occlusion,0.56255335,0.65686315
0,ecg,occlusion,0.7556798,0.82291883
0,ecg,occlusion,0.6363698,0.7100071
0,ecg,occlusion,0.5143384,0.5970846
0,ecg,occlusion,0.6611066,0.68899816
0,ecg,occlusion,0.68548495,0.7842075
0,ecg,occlusion,0.57896507,0.6658415
0,ecg,occlusion,0.52659684,0.64040303
0,ecg,occlusion,0.58409077,0.6780423
0,ecg,occlusion,0.58515334,0.66517323
0,ecg,occlusion,0.39520073,0.5472755
0,ecg,occlusion,0.7065119,0.77890813
0,ecg,occlusion,0.80006236,0.84800667
0,ecg,occlusion,0.5647035,0.695239
0,ecg,occlusion,0.4636735,0.5049327
0,ecg,ig,0.7048838,0.7602342
0,ecg,ig,0.7020328,0.7573724
0,ecg,ig,0.5162506,0.44665536
0,ecg,ig,0.5021086,0.49841556
0,ecg,ig,0.73808944,0.7545532
0,ecg,ig,0.82913834,0.8146128
0,ecg,ig,0.5614263,0.55839664
0,ecg,ig,0.6068583,0.55708086
0,ecg,ig,0.7158402,0.7118221
0,ecg,ig,0.7696184,0.76204675
0,ecg,ig,0.8852681,0.874325
0,ecg,ig,0.565859,0.5119906
0,ecg,ig,0.55006593,0.6124403
0,ecg,ig,0.87485796,0.8726774
0,ecg,ig,0.5440984,0.5835763
0,ecg,ig,0.6391072,0.7050041
0,ecg,ig,0.7499279,0.72452474
0,ecg,ig,0.575674,0.6312711
0,ecg,ig,0.5392116,0.4718648
0,ecg,ig,0.6557872,0.6692425
0,ecg,ig,0.5045383,0.48209572
0,ecg,ig,0.7151733,0.67500794
0,ecg,ig,0.48698154,0.4590803
0,ecg,ig,0.8715875,0.8504261
0,ecg,ig,0.6673065,0.682055
0,ecg,ig,0.6004177,0.61954623
0,ecg,ig,0.7874231,0.7998855
0,ecg,ig,0.6679371,0.6883263
0,ecg,ig,0.5684584,0.54515684
0,ecg,ig,0.6865858,0.6664293
0,ecg,ig,0.7548594,0.732809
0,ecg,ig,0.64922416,0.59701574
0,ecg,ig,0.5968479,0.5622954
0,ecg,ig,0.66302437,0.5985688
0,ecg,ig,0.60270303,0.639957
0,ecg,ig,0.46526432,0.4849733
0,ecg,ig,0.75233346,0.7371437
0,ecg,ig,0.83978057,0.8154308
0,ecg,ig,0.5918581,0.665431
0,ecg,ig,0.49180746,0.478225
0,ecg,random,0.72265345,0.73851866
0,ecg,random,0.7295318,0.72504556
0,ecg,random,0.4826595,0.4835314
0,ecg,random,0.50368375,0.49742985
0,ecg,random,0.741782,0.7423121
0,ecg,random,0.82142675,0.82282734
0,ecg,random,0.56497765,0.55244046
0,ecg,random,0.5844821,0.5792077
0,ecg,random,0.71028453,0.71579397
0,ecg,random,0.76282656,0.7680491
0,ecg,random,0.8777571,0.88232553
0,ecg,random,0.5457082,0.53586096
0,ecg,random,0.5733766,0.5775343
0,ecg,random,0.8738368,0.87338144
0,ecg,random,0.5531485,0.5744074
0,ecg,random,0.6800785,0.6644901
0,ecg,random,0.73236966,0.73719335
0,ecg,random,0.59716,0.5972736
0,ecg,random,0.50020313,0.5041389
0,ecg,random,0.663374,0.66053057
0,ecg,random,0.47526002,0.4956297
0,ecg,random,0.69933087,0.69494325
0,ecg,random,0.4779583,0.47710055
0,ecg,random,0.86143553,0.86084634
0,ecg,random,0.67257535,0.6764941
0,ecg,random,0.6145081,0.6113609
0,ecg,random,0.7889765,0.8002221
0,ecg,random,0.68264544,0.67145586
0,ecg,random,0.555628,0.55944747
0,ecg,random,0.6747457,0.6771811
0,ecg,random,0.7364336,0.7455223
0,ecg,random,0.61866206,0.623153
0,ecg,random,0.5765896,0.5856751
0,ecg,random,0.6300519,0.6287197
0,ecg,random,0.62638444,0.62147343
0,ecg,random,0.47636065,0.47548524
0,ecg,random,0.7531504,0.7385916
0,ecg,random,0.82775575,0.8262518
0,ecg,random,0.634598,0.6246127
0,ecg,random,0.48497438,0.48845297
1,ppg,occlusion,0.42154986,0.4943653
1,ppg,occlusion,0.43374708,0.4738063
1,ppg,occlusion,0.41018042,0.45743743
1,ppg,occlusion,0.3859931,0.4943409
1,ppg,occlusion,0.4068209,0.46290672
1,ppg,occlusion,0.43010378,0.51171786
1,ppg,occlusion,0.48072016,0.5781173
1,ppg,occlusion,0.5164903,0.56205463
1,ppg,occlusion,0.5998332,0.6451698
1,ppg,occlusion,0.41840863,0.5016101
1,ppg,occlusion,0.6132978,0.6794891
1,ppg,occlusion,0.59263706,0.6141006
1,ppg,occlusion,0.40321124,0.48053515
1,ppg,occlusion,0.5559276,0.57514554
1,ppg,occlusion,0.46923885,0.49889997
1,ppg,occlusion,0.30984437,0.40478307
1,ppg,occlusion,0.6787185,0.7425618
1,ppg,occlusion,0.741325,0.7682504
1,ppg,occlusion,0.56973195,0.6308618
1,ppg,occlusion,0.43482226,0.49789757
1,ppg,occlusion,0.4780051,0.52141774
1,ppg,occlusion,0.43549556,0.5136014
1,ppg,occlusion,0.32392892,0.41859695
1,ppg,occlusion,0.6884698,0.73466647
1,ppg,occlusion,0.4936967,0.54109454
1,ppg,occlusion,0.5214204,0.5610263
1,ppg,occlusion,0.4144865,0.4593927
1,ppg,occlusion,0.5754436,0.5946996
1,ppg,occlusion,0.4987029,0.5459626
1,ppg,occlusion,0.5878738,0.59932417
1,ppg,occlusion,0.62028897,0.6536871
1,ppg,occlusion,0.38342077,0.45199108
1,ppg,occlusion,0.7658991,0.8019702
1,ppg,occlusion,0.6154843,0.6557343
1,ppg,occlusion,0.7231415,0.7697717
1,ppg,occlusion,0.75375384,0.8128417
1,ppg,occlusion,0.56203127,0.6007054
1,ppg,occlusion,0.50251174,0.53578866
1,ppg,occlusion,0.47693512,0.49346888
1,ppg,occlusion,0.5185975,0.54440147
1,ppg,ig,0.4366128,0.47920492
1,ppg,ig,0.43688175,0.47305384
1,ppg,ig,0.4177675,0.460407
1,ppg,ig,0.38778955,0.4874324
1,ppg,ig,0.42483976,0.44985712
1,ppg,ig,0.43468294,0.5095999
1,ppg,ig,0.4334174,0.5762336
1,ppg,ig,0.50308377,0.5586755
1,ppg,ig,0.6416328,0.6054047
1,ppg,ig,0.42498806,0.49783707
1,ppg,ig,0.6716677,0.6237148
1,ppg,ig,0.62592536,0.58929455
1,ppg,ig,0.39554736,0.47826418
1,ppg,ig,0.5486509,0.5772312
1,ppg,ig,0.47104195,0.49663386
1,ppg,ig,0.31513283,0.3957896
1,ppg,ig,0.7111153,0.71097493
1,ppg,ig,0.7644163,0.7435156
1,ppg,ig,0.6193326,0.57754153
1,ppg,ig,0.43883798,0.50461954
1,ppg,ig,0.48449126,0.511245
1,ppg,ig,0.4576754,0.50156623
1,ppg,ig,0.32786012,0.41750064
1,ppg,ig,0.7025365,0.7176971
1,ppg,ig,0.487122,0.5405847
1,ppg,ig,0.5028812,0.5590057
1,ppg,ig,0.4216364,0.44825295
1,ppg,ig,0.50814307,0.59022367
1,ppg,ig,0.5021589,0.5364852
1,ppg,ig,0.6089601,0.5837429
1,ppg,ig,0.65260303,0.62381727
1,ppg,ig,0.39049384,0.4382397
1,ppg,ig,0.7912832,0.7787017
1,ppg,ig,0.65036964,0.6268324
1,ppg,ig,0.75269455,0.7382868
1,ppg,ig,0.79725206,0.7600166
1,ppg,ig,0.57005095,0.5894742
1,ppg,ig,0.5022556,0.5374737
1,ppg,ig,0.4479046,0.50994164
1,ppg,ig,0.4791191,0.5421476
1,ppg,attention,0.4478347,0.47520888
1,ppg,attention,0.45808744,0.46824947
1,ppg,attention,0.4267948,0.4486025
1,ppg,attention,0.43334606,0.4464051
1,ppg,attention,0.44641712,0.4398051
1,ppg,attention,0.45717904,0.4932636
1,ppg,attention,0.5434612,0.5744194
1,ppg,attention,0.523398,0.5533742
1,ppg,attention,0.6242547,0.62243915
1,ppg,attention,0.45471066,0.4662531
1,ppg,attention,0.6578498,0.6453206
1,ppg,attention,0.6146413,0.59644115
1,ppg,attention,0.43877798,0.45210904
1,ppg,attention,0.5693141,0.57059836
1,ppg,attention,0.47765124,0.48432928
1,ppg,attention,0.33783972,0.37065312
1,ppg,attention,0.7032676,0.72187924
1,ppg,attention,0.75931287,0.74515146
1,ppg,attention,0.6106315,0.5847463
1,ppg,attention,0.4648161,0.46604726
1,ppg,attention,0.5018577,0.5008639
1,ppg,attention,0.49848738,0.4592833
1,ppg,attention,0.38805208,0.3626204
1,ppg,attention,0.70718056,0.72456926
1,ppg,attention,0.50009346,0.53613585
1,ppg,attention,0.5283787,0.5555166
1,ppg,attention,0.4246527,0.45125628
1,ppg,attention,0.5883357,0.5800943
1,ppg,attention,0.5154401,0.5314895
1,ppg,attention,0.60031193,0.5825968
1,ppg,attention,0.6456606,0.63244313
1,ppg,attention,0.42655554,0.40497527
1,ppg,attention,0.7902239,0.7794166
1,ppg,attention,0.6458511,0.62607443
1,ppg,attention,0.74235547,0.7437908
1,ppg,attention,0.79748064,0.7651586
1,ppg,attention,0.57731456,0.5809316
1,ppg,attention,0.5145375,0.518593
1,ppg,attention,0.46832323,0.51010776
1,ppg,attention,0.5081375,0.54171574
1,ppg,random,0.46435285,0.44809586
1,ppg,random,0.45462197,0.45229983
1,ppg,random,0.43461663,0.43730623
1,ppg,random,0.4437213,0.43602476
1,ppg,random,0.4390061,0.428689
1,ppg,random,0.47100633,0.4613433
1,ppg,random,0.54078376,0.53589326
1,ppg,random,0.521284,0.5397307
1,ppg,random,0.62233394,0.62256104
1,ppg,random,0.44885868,0.4637092
1,ppg,random,0.6463481,0.65495455
1,ppg,random,0.60535604,0.60321295
1,ppg,random,0.45116967,0.43776917
1,ppg,random,0.56165373,0.57433355
1,ppg,random,0.48509246,0.4836262
1,ppg,random,0.35131922,0.3503612
1,ppg,random,0.71210533,0.71893
1,ppg,random,0.75297433,0.7525891
1,ppg,random,0.596405,0.5957827
1,ppg,random,0.46035662,0.47224826
1,ppg,random,0.5047952,0.4968903
1,ppg,random,0.475533,0.4812716
1,ppg,random,0.3821846,0.36810115
1,ppg,random,0.7168474,0.7137727
1,ppg,random,0.51641953,0.5173208
1,ppg,random,0.53401357,0.5403452
1,ppg,random,0.4282574,0.43807164
1,ppg,random,0.5734495,0.5708344
1,ppg,random,0.5246235,0.5236022
1,ppg,random,0.5970317,0.59447277
1,ppg,random,0.6397272,0.6390747
1,ppg,random,0.4140171,0.408554
1,ppg,random,0.78671396,0.7855045
1,ppg,random,0.6386884,0.63837403
1,ppg,random,0.745283,0.752741
1,ppg,random,0.7834362,0.7810546
1,ppg,random,0.578146,0.58258456
1,ppg,random,0.516291,0.51760536
1,ppg,random,0.49301586,0.4848655
1,ppg,random,0.5121834,0.52443445
1,ecg,occlusion,0.83858585,0.8554313
1,ecg,occlusion,0.429553,0.50109535
1,ecg,occlusion,0.49931458,0.55381405
1,ecg,occlusion,0.47232392,0.5459089
1,ecg,occlusion,0.62309855,0.71468645
1,ecg,occlusion,0.48122144,0.54505444
1,ecg,occlusion,0.4717818,0.53239924
1,ecg,occlusion,0.5008005,0.5830559
1,ecg,occlusion,0.4738216,0.51623046
1,ecg,occlusion,0.73698926,0.7838365
1,ecg,occlusion,0.47602817,0.56366724
1,ecg,occlusion,0.4647535,0.5569946
1,ecg,occlusion,0.5099645,0.5710671
1,ecg,occlusion,0.54195875,0.57332397
1,ecg,occlusion,0.4576906,0.50873035
1,ecg,occlusion,0.71922445,0.76947266
1,ecg,occlusion,0.5770101,0.670121
1,ecg,occlusion,0.60265225,0.7258886
1,ecg,occlusion,0.5159392,0.586437
1,ecg,occlusion,0.5367049,0.5872891
1,ecg,occlusion,0.64515615,0.7133531
1,ecg,occlusion,0.6944469,0.75032014
1,ecg,occlusion,0.43183127,0.5330545
1,ecg,occlusion,0.56803966,0.69738823
1,ecg,occlusion,0.57556623,0.64822525
1,ecg,occlusion,0.4281169,0.51708513
1,ecg,occlusion,0.6980681,0.74043596
1,ecg,occlusion,0.44562608,0.5481956
1,ecg,occlusion,0.6436977,0.7120128
1,ecg,occlusion,0.5221164,0.62185144
1,ecg,occlusion,0.47122392,0.57422054
1,ecg,occlusion,0.6494933,0.7046833
1,ecg,occlusion,0.6068729,0.67707914
1,ecg,occlusion,0.44310245,0.5196103
1,ecg,occlusion,0.5040567,0.6100593
1,ecg,occlusion,0.64424014,0.7228244
1,ecg,occlusion,0.52269983,0.59521097
1,ecg,occlusion,0.5022128,0.5687202
1,ecg,occlusion,0.46618485,0.51849365
1,ecg,occlusion,0.4498141,0.5192931
1,ecg,ig,0.8558571,0.8388842
1,ecg,ig,0.48684967,0.45425412
1,ecg,ig,0.5232347,0.53272694
1,ecg,ig,0.52799654,0.4964308
1,ecg,ig,0.70773065,0.6312095
1,ecg,ig,0.52063245,0.50933087
1,ecg,ig,0.5010776,0.5214223
1,ecg,ig,0.5324859,0.5555251
1,ecg,ig,0.48587918,0.5096702
1,ecg,ig,0.7797935,0.7429836
1,ecg,ig,0.5051216,0.5239365
1,ecg,ig,0.4915739,0.5156314
1,ecg,ig,0.5511431,0.54051644
1,ecg,ig,0.56733596,0.55451393
1,ecg,ig,0.49687445,0.47074375
1,ecg,ig,0.76858723,0.72074926
1,ecg,ig,0.60336185,0.6460103
1,ecg,ig,0.63173366,0.7018731
1,ecg,ig,0.52691776,0.5714254
1,ecg,ig,0.57399833,0.5493252
1,ecg,ig,0.7050836,0.65491104
1,ecg,ig,0.7424164,0.70534664
1,ecg,ig,0.51214707,0.46772322
1,ecg,ig,0.60939467,0.66106105
1,ecg,ig,0.6215271,0.6034156
1,ecg,ig,0.47601664,0.48808432
1,ecg,ig,0.73587066,0.7054586
1,ecg,ig,0.49965805,0.5093073
1,ecg,ig,0.7062566,0.64992386
1,ecg,ig,0.5337093,0.6142724
1,ecg,ig,0.48094633,0.5545044
1,ecg,ig,0.7051206,0.65367764
1,ecg,ig,0.62481666,0.65550303
1,ecg,ig,0.46463966,0.49014837
1,ecg,ig,0.51806235,0.59954244
1,ecg,ig,0.663338,0.6918798
1,ecg,ig,0.57290584,0.5542583
1,ecg,ig,0.53221506,0.5371551
1,ecg,ig,0.5098487,0.48071304
1,ecg,ig,0.49146783,0.4893651
1,ecg,random,0.8463193,0.84809077
1,ecg,random,0.47363186,0.4700187
1,ecg,random,0.5249413,0.5330459
1,ecg,random,0.5132173,0.5120728
1,ecg,random,0.6610718,0.6808634
1,ecg,random,0.5210393,0.5135597
1,ecg,random,0.5074032,0.51640767
1,ecg,random,0.5477318,0.54464495
1,ecg,random,0.49672574,0.48832694
1,ecg,random,0.7610086,0.7625164
1,ecg,random,0.5182286,0.50338995
1,ecg,random,0.5150452,0.4931789
1,ecg,random,0.5457355,0.5459866
1,ecg,random,0.56403995,0.5613833
1,ecg,random,0.48759136,0.48671427
1,ecg,random,0.7466927,0.7453317
1,ecg,random,0.627713,0.6176133
1,ecg,random,0.6490801,0.67796004
1,ecg,random,0.5451759,0.5508386
1,ecg,random,0.5598882,0.5635396
1,ecg,random,0.6772022,0.68252623
1,ecg,random,0.72790366,0.72195005
1,ecg,random,0.49080044,0.48565778
1,ecg,random,0.62773025,0.63357913
1,ecg,random,0.61952144,0.609939
1,ecg,random,0.47739345,0.48490506
1,ecg,random,0.7223226,0.72089195
1,ecg,random,0.5052744,0.505449
1,ecg,random,0.6774095,0.68235964
1,ecg,random,0.57258517,0.5729893
1,ecg,random,0.5160639,0.516684
1,ecg,random,0.68277335,0.67581207
1,ecg,random,0.6418608,0.6306077
1,ecg,random,0.47278824,0.47903195
1,ecg,random,0.55485874,0.55219394
1,ecg,random,0.6734944,0.6857686
1,ecg,random,0.5624331,0.5634112
1,ecg,random,0.53562903,0.5392783
1,ecg,random,0.49670392,0.49628115
1,ecg,random,0.49056053,0.49001193
2,ppg,occlusion,0.9066075,0.9495147
2,ppg,occlusion,0.64583343,0.8084201
2,ppg,occlusion,0.3166494,0.5002351
2,ppg,occlusion,0.6613962,0.8140713
2,ppg,occlusion,0.80367297,0.8696075
2,ppg,occlusion,0.6999908,0.7240574
2,ppg,occlusion,0.56410444,0.60623133
2,ppg,occlusion,0.6414556,0.7408569
2,ppg,occlusion,0.33197978,0.49196535
2,ppg,occlusion,0.72132415,0.8183641
2,ppg,occlusion,0.59152865,0.72958237
2,ppg,occlusion,0.21135598,0.4330081
2,ppg,occlusion,0.4340025,0.5574524
2,ppg,occlusion,0.75631434,0.84509295
2,ppg,occlusion,0.26541826,0.3227181
2,ppg,occlusion,0.69206494,0.7032439
2,ppg,occlusion,0.5299672,0.6974152
2,ppg,occlusion,0.94725186,0.9552908
2,ppg,occlusion,0.40830308,0.62503505
2,ppg,occlusion,0.65727836,0.6747868
2,ppg,occlusion,0.43269694,0.5115847
2,ppg,occlusion,0.89606243,0.952104
2,ppg,occlusion,0.6324495,0.8630414
2,ppg,occlusion,0.3667972,0.47112262
2,ppg,occlusion,0.49921492,0.5729593
2,ppg,occlusion,0.37732834,0.7084356
2,ppg,occlusion,0.5052538,0.7276984
2,ppg,occlusion,0.81930816,0.93399066
2,ppg,occlusion,0.5469125,0.7109318
2,ppg,occlusion,0.44736835,0.6547479
2,ppg,occlusion,0.43010503,0.6042238
2,ppg,occlusion,0.7544535,0.8666277
2,ppg,occlusion,0.44487613,0.5470232
2,ppg,occlusion,0.33516768,0.6040721
2,ppg,occlusion,0.68652475,0.8381248
2,ppg,occlusion,0.64724237,0.8232397
2,ppg,occlusion,0.5898927,0.76538867
2,ppg,occlusion,0.39380836,0.5285214
2,ppg,occlusion,0.7664982,0.904134
2,ppg,occlusion,0.7263359,0.7953878
2,ppg,ig,0.94657207,0.90853566
2,ppg,ig,0.5937028,0.80668676
2,ppg,ig,0.36684138,0.41361368
2,ppg,ig,0.84040886,0.7557753
2,ppg,ig,0.8746794,0.80844754
2,ppg,ig,0.7282964,0.71134543
2,ppg,ig,0.6178829,0.56861186
2,ppg,ig,0.7977536,0.6576699
2,ppg,ig,0.40142804,0.439803
2,ppg,ig,0.81660306,0.7696903
2,ppg,ig,0.642382,0.7282876
2,ppg,ig,0.21876949,0.33588234
2,ppg,ig,0.45809555,0.5332259
2,ppg,ig,0.8271434,0.76075447
2,ppg,ig,0.2782682,0.28214946
2,ppg,ig,0.36496136,0.71259135
2,ppg,ig,0.6506614,0.56381804
2,ppg,ig,0.95930445,0.94904494
2,ppg,ig,0.5050114,0.5551643
2,ppg,ig,0.52077484,0.68337435
2,ppg,ig,0.44506776,0.4770161
2,ppg,ig,0.9433054,0.93079406
2,ppg,ig,0.7958534,0.66898423
2,ppg,ig,0.36205843,0.4525533
2,ppg,ig,0.51917225,0.5783476
2,ppg,ig,0.5329433,0.65386796
2,ppg,ig,0.24931563,0.7264078
2,ppg,ig,0.9170431,0.90120256
2,ppg,ig,0.77613235,0.5653997
2,ppg,ig,0.53862,0.5947137
2,ppg,ig,0.50929886,0.5112017
2,ppg,ig,0.87748057,0.7534532
2,ppg,ig,0.34523034,0.517132
2,ppg,ig,0.3789839,0.5320271
2,ppg,ig,0.8427876,0.6869245
2,ppg,ig,0.78993505,0.6754412
2,ppg,ig,0.63291776,0.7035106
2,ppg,ig,0.38332912,0.49922562
2,ppg,ig,0.80588603,0.7873804
2,ppg,ig,0.4952547,0.7561038
2,ppg,attention,0.939305,0.92314106
2,ppg,attention,0.7274404,0.8068615
2,ppg,attention,0.34877455,0.37802002
2,ppg,attention,0.7757505,0.72615343
2,ppg,attention,0.8592246,0.8212176
2,ppg,attention,0.74143946,0.69740003
2,ppg,attention,0.5899595,0.538466
2,ppg,attention,0.76912326,0.66251504
2,ppg,attention,0.4109172,0.40994185
2,ppg,attention,0.7746335,0.75245905
2,ppg,attention,0.655714,0.7473321
2,ppg,attention,0.27138668,0.3394848
2,ppg,attention,0.47601107,0.55583453
2,ppg,attention,0.8196664,0.77414757
2,ppg,attention,0.27642882,0.294636
2,ppg,attention,0.51883346,0.713092
2,ppg,attention,0.6436866,0.574666
2,ppg,attention,0.9523218,0.9549915
2,ppg,attention,0.4643878,0.6270654
2,ppg,attention,0.63142693,0.69230616
2,ppg,attention,0.4506268,0.5092254
2,ppg,attention,0.94770813,0.9321153
2,ppg,attention,0.74800354,0.742753
2,ppg,attention,0.3447158,0.477001
2,ppg,attention,0.54390764,0.56042117
2,ppg,attention,0.47216853,0.60204667
2,ppg,attention,0.6158605,0.7267591
2,ppg,attention,0.8903926,0.8650398
2,ppg,attention,0.73827064,0.57313293
2,ppg,attention,0.6091184,0.55476815
2,ppg,attention,0.4812198,0.50891143
2,ppg,attention,0.8496461,0.775795
2,ppg,attention,0.40531227,0.5066341
2,ppg,attention,0.40797934,0.44858202
2,ppg,attention,0.8337886,0.714523
2,ppg,attention,0.78615916,0.6882859
2,ppg,attention,0.6612867,0.71511954
2,ppg,attention,0.4254316,0.47131726
2,ppg,attention,0.8038371,0.893537
2,ppg,attention,0.7724847,0.7445936
2,ppg,random,0.9275776,0.9354426
2,ppg,random,0.73498285,0.76208496
2,ppg,random,0.42598963,0.4144094
2,ppg,random,0.7507933,0.75905687
2,ppg,random,0.8293315,0.8421704
2,ppg,random,0.7267149,0.69904613
2,ppg,random,0.5657218,0.5771062
2,ppg,random,0.7155627,0.6918871
2,ppg,random,0.41582298,0.42189655
2,ppg,random,0.76103413,0.7666489
2,ppg,random,0.71117544,0.6923079
2,ppg,random,0.31911197,0.34437957
2,ppg,random,0.5100487,0.50623953
2,ppg,random,0.7908172,0.7865218
2,ppg,random,0.2754106,0.27748644
2,ppg,random,0.5945257,0.6340903
2,ppg,random,0.61916065,0.59509224
2,ppg,random,0.95482713,0.954776
2,ppg,random,0.538603,0.5623473
2,ppg,random,0.66300523,0.664663
2,ppg,random,0.4764306,0.4803289
2,ppg,random,0.93357277,0.9316681
2,ppg,random,0.7186388,0.76505554
2,ppg,random,0.4276101,0.40336904
2,ppg,random,0.5277356,0.54965955
2,ppg,random,0.62237775,0.5341871
2,ppg,random,0.5623652,0.5718702
2,ppg,random,0.87988174,0.8781845
2,ppg,random,0.6699077,0.62466097
2,ppg,random,0.5593933,0.5444993
2,ppg,random,0.5378144,0.5350968
2,ppg,random,0.79964936,0.809955
2,ppg,random,0.46343023,0.48157328
2,ppg,random,0.43369842,0.48773775
2,ppg,random,0.7890651,0.7344509
2,ppg,random,0.7398538,0.6903165
2,ppg,random,0.6830793,0.6691915
2,ppg,random,0.47314057,0.4664173
2,ppg,random,0.8478249,0.83540595
2,ppg,random,0.73569214,0.70399237
2,ecg,occlusion,0.61406344,0.76150835
2,ecg,occlusion,0.8174802,0.84110934
2,ecg,occlusion,0.34185016,0.43156666
2,ecg,occlusion,0.78099805,0.88124585
2,ecg,occlusion,0.4101114,0.5760272
2,ecg,occlusion,0.6896009,0.74652404
2,ecg,occlusion,0.6216554,0.72296995
2,ecg,occlusion,0.6543969,0.7112316
2,ecg,occlusion,0.50556254,0.6165598
2,ecg,occlusion,0.6960605,0.78585273
2,ecg,occlusion,0.8710447,0.88915807
2,ecg,occlusion,0.75812674,0.788444
2,ecg,occlusion,0.7261144,0.7804695
2,ecg,occlusion,0.6090694,0.69702953
2,ecg,occlusion,0.7798902,0.80697453
2,ecg,occlusion,0.44282624,0.63046414
2,ecg,occlusion,0.59220153,0.65629077
2,ecg,occlusion,0.74368995,0.850916
2,ecg,occlusion,0.857332,0.8744104
2,ecg,occlusion,0.39060828,0.55989647
2,ecg,occlusion,0.3958167,0.50541127
2,ecg,occlusion,0.7513984,0.8264791
2,ecg,occlusion,0.6455806,0.6767886
2,ecg,occlusion,0.7535256,0.7962093
2,ecg,occlusion,0.47479886,0.63009775
2,ecg,occlusion,0.88321126,0.8940653
2,ecg,occlusion,0.43640742,0.63010347
2,ecg,occlusion,0.81967264,0.8692945
2,ecg,occlusion,0.5505087,0.6475221
2,ecg,occlusion,0.4232293,0.48121297
2,ecg,occlusion,0.6304661,0.6951696
2,ecg,occlusion,0.583781,0.7038411
2,ecg,occlusion,0.34704122,0.44555175
2,ecg,occlusion,0.35196158,0.50201625
2,ecg,occlusion,0.616671,0.6603189
2,ecg,occlusion,0.7893314,0.8315357
2,ecg,occlusion,0.5751739,0.65048444
2,ecg,occlusion,0.3882917,0.5045596
2,ecg,occlusion,0.7986622,0.8784613
2,ecg,occlusion,0.41650972,0.550635
2,ecg,ig,0.67554104,0.7253113
2,ecg,ig,0.8219681,0.83698374
2,ecg,ig,0.35836557,0.40450433
2,ecg,ig,0.87907064,0.78487915
2,ecg,ig,0.46718433,0.51344925
2,ecg,ig,0.7212204,0.6966762
2,ecg,ig,0.6797906,0.6416817
2,ecg,ig,0.6990035,0.6701207
2,ecg,ig,0.54967946,0.571227
2,ecg,ig,0.73232263,0.7423749
2,ecg,ig,0.8871342,0.8733836
2,ecg,ig,0.75970453,0.78624874
2,ecg,ig,0.7572656,0.7533821
2,ecg,ig,0.62773836,0.6734369
2,ecg,ig,0.80258054,0.7861036
2,ecg,ig,0.4735129,0.5955856
2,ecg,ig,0.61861056,0.62377805
2,ecg,ig,0.7683229,0.8309123
2,ecg,ig,0.86745656,0.8644705
2,ecg,ig,0.43812463,0.52694774
2,ecg,ig,0.42458352,0.5051982
2,ecg,ig,0.7658544,0.8214385
2,ecg,ig,0.67818713,0.656455
2,ecg,ig,0.7752857,0.7727772
2,ecg,ig,0.4922335,0.61493057
2,ecg,ig,0.8946365,0.88345784
2,ecg,ig,0.46859306,0.5963827
2,ecg,ig,0.8357143,0.8626396
2,ecg,ig,0.62663114,0.5790376
2,ecg,ig,0.4260636,0.48066214
2,ecg,ig,0.63784206,0.6855026
2,ecg,ig,0.61889106,0.6769997
2,ecg,ig,0.37740567,0.40761548
2,ecg,ig,0.36093423,0.5045242
2,ecg,ig,0.6468996,0.632472
2,ecg,ig,0.8297655,0.7961323
2,ecg,ig,0.64030874,0.5887075
2,ecg,ig,0.42671177,0.461277
2,ecg,ig,0.8605688,0.8362073
2,ecg,ig,0.4243723,0.5426153
2,ecg,random,0.7036665,0.68873733
2,ecg,random,0.83036816,0.8288274
2,ecg,random,0.37611118,0.38376942
2,ecg,random,0.84024847,0.82592356
2,ecg,random,0.49260497,0.4917515
2,ecg,random,0.7194146,0.70440674
2,ecg,random,0.66257405,0.662677
2,ecg,random,0.6843902,0.6828872
2,ecg,random,0.5583186,0.5647432
2,ecg,random,0.7414148,0.7368945
2,ecg,random,0.8805626,0.8802351
2,ecg,random,0.77224785,0.77442646
2,ecg,random,0.7580735,0.7548319
2,ecg,random,0.6553495,0.63833684
2,ecg,random,0.7912335,0.79650056
2,ecg,random,0.5382443,0.53569376
2,ecg,random,0.61617833,0.62206715
2,ecg,random,0.7937261,0.79891396
2,ecg,random,0.8645319,0.86743003
2,ecg,random,0.49472684,0.47260275
2,ecg,random,0.48387972,0.46247387
2,ecg,random,0.785897,0.7889449
2,ecg,random,0.6654782,0.66636515
2,ecg,random,0.7726773,0.778168
2,ecg,random,0.548981,0.57064474
2,ecg,random,0.88899505,0.88784534
2,ecg,random,0.54162014,0.5165137
2,ecg,random,0.85023165,0.84142363
2,ecg,random,0.59981555,0.60457355
2,ecg,random,0.45655146,0.4431436
2,ecg,random,0.6631733,0.66810834
2,ecg,random,0.64618146,0.6438343
2,ecg,random,0.3995673,0.38296232
2,ecg,random,0.40732622,0.44313496
2,ecg,random,0.6388883,0.64204884
2,ecg,random,0.80812776,0.81275356
2,ecg,random,0.62308276,0.6125935
2,ecg,random,0.44619498,0.44447964
2,ecg,random,0.844423,0.84524405
2,ecg,random,0.46516934,0.49658936
3,ppg,occlusion,0.5898022,0.6217982
3,ppg,occlusion,0.62774765,0.6531621
3,ppg,occlusion,0.4458481,0.58137745
3,ppg,occlusion,0.4298451,0.5114179
3,ppg,occlusion,0.41627303,0.4736637
3,ppg,occlusion,0.40455827,0.49261358
3,ppg,occlusion,0.54330325,0.594847
3,ppg,occlusion,0.622829,0.6643626
3,ppg,occlusion,0.646582,0.64913285
3,ppg,occlusion,0.6411273,0.6623736
3,ppg,occlusion,0.6759977,0.7060997
3,ppg,occlusion,0.63846755,0.67510223
3,ppg,occlusion,0.6260711,0.67081964
3,ppg,occlusion,0.36247712,0.43205634
3,ppg,occlusion,0.38458207,0.4671892
3,ppg,occlusion,0.5279437,0.5945221
3,ppg,occlusion,0.6235128,0.6652184
3,ppg,occlusion,0.67422444,0.7003445
3,ppg,occlusion,0.4495911,0.5129438
3,ppg,occlusion,0.43158877,0.49484408
3,ppg,occlusion,0.63277435,0.66420054
3,ppg,occlusion,0.72886485,0.74596334
3,ppg,occlusion,0.5954156,0.6473741
3,ppg,occlusion,0.6218037,0.6407667
3,ppg,occlusion,0.62975115,0.6685306
3,ppg,occlusion,0.410298,0.5007734
3,ppg,occlusion,0.36476895,0.45460957
3,ppg,occlusion,0.58754176,0.61150515
3,ppg,occlusion,0.67536944,0.6985962
3,ppg,occlusion,0.66491073,0.6960154
3,ppg,occlusion,0.5372449,0.639686
3,ppg,occlusion,0.57103306,0.60421586
3,ppg,occlusion,0.4379327,0.5280397
3,ppg,occlusion,0.5033587,0.58522934
3,ppg,occlusion,0.49855325,0.58550143
3,ppg,occlusion,0.38418812,0.5146632
3,ppg,occlusion,0.7020988,0.73369133
3,ppg,occlusion,0.62990475,0.68460166
3,ppg,occlusion,0.37945458,0.45374238
3,ppg,occlusion,0.661698,0.6821982
3,ppg,ig,0.66350037,0.59810936
3,ppg,ig,0.65592456,0.63480926
3,ppg,ig,0.41061303,0.57979244
3,ppg,ig,0.43665293,0.5090788
3,ppg,ig,0.41882694,0.46968114
3,ppg,ig,0.40498492,0.48979768
3,ppg,ig,0.54714054,0.58569825
3,ppg,ig,0.6620353,0.63101804
3,ppg,ig,0.6516491,0.6407392
3,ppg,ig,0.6674577,0.6402995
3,ppg,ig,0.70335263,0.6813414
3,ppg,ig,0.6719247,0.6391111
3,ppg,ig,0.6696213,0.6285457
3,ppg,ig,0.36437607,0.4302559
3,ppg,ig,0.39306659,0.45546296
3,ppg,ig,0.526271,0.59004384
3,ppg,ig,0.6063688,0.66619474
3,ppg,ig,0.6985204,0.67892456
3,ppg,ig,0.43588665,0.5105653
3,ppg,ig,0.42705706,0.49959943
3,ppg,ig,0.66430086,0.6369572
3,ppg,ig,0.7456764,0.73158765
3,ppg,ig,0.63977045,0.59604156
3,ppg,ig,0.6234699,0.646132
3,ppg,ig,0.67142546,0.6349058
3,ppg,ig,0.4117487,0.49516124
3,ppg,ig,0.37023982,0.44232342
3,ppg,ig,0.49421766,0.6076327
3,ppg,ig,0.6958717,0.6803954
3,ppg,ig,0.6966472,0.6661357
3,ppg,ig,0.52578807,0.63815325
3,ppg,ig,0.6240087,0.5731201
3,ppg,ig,0.4498233,0.5237751
3,ppg,ig,0.49013355,0.58505183
3,ppg,ig,0.49791428,0.56896836
3,ppg,ig,0.38909042,0.50605613
3,ppg,ig,0.73301035,0.70404094
3,ppg,ig,0.67920923,0.64619535
3,ppg,ig,0.37983346,0.4509434
3,ppg,ig,0.6808078,0.666116
3,ppg,attention,0.6228063,0.60611117
3,ppg,attention,0.6446531,0.6457702
3,ppg,attention,0.55599684,0.57700074
3,ppg,attention,0.48481715,0.45001194
3,ppg,attention,0.4470645,0.44751757
3,ppg,attention,0.41995776,0.47253883
3,ppg,attention,0.55293393,0.58343697
3,ppg,attention,0.6430795,0.6528593
3,ppg,attention,0.64624494,0.65089643
3,ppg,attention,0.6458717,0.6640725
3,ppg,attention,0.6925582,0.6897087
3,ppg,attention,0.6483771,0.66957945
3,ppg,attention,0.6469333,0.6563845
3,ppg,attention,0.37475428,0.40523702
3,ppg,attention,0.42653522,0.41326687
3,ppg,attention,0.54269075,0.5709833
3,ppg,attention,0.64024556,0.665318
3,ppg,attention,0.690909,0.6878307
3,ppg,attention,0.45175275,0.4984215
3,ppg,attention,0.44095698,0.4734693
3,ppg,attention,0.64229083,0.66505843
3,ppg,attention,0.74119174,0.7351343
3,ppg,attention,0.6243098,0.6174416
3,ppg,attention,0.63123024,0.64008117
3,ppg,attention,0.64833325,0.6587951
3,ppg,attention,0.43094844,0.48120126
3,ppg,attention,0.3833467,0.43298128
3,ppg,attention,0.59909123,0.6070596
3,ppg,attention,0.68685377,0.69443816
3,ppg,attention,0.68651783,0.6729063
3,ppg,attention,0.61811376,0.6173497
3,ppg,attention,0.588571,0.59059423
3,ppg,attention,0.47646505,0.51468116
3,ppg,attention,0.5495703,0.56855327
3,ppg,attention,0.5321895,0.5434244
3,ppg,attention,0.41952235,0.48220798
3,ppg,attention,0.72740984,0.7146329
3,ppg,attention,0.6550872,0.6685205
3,ppg,attention,0.4171642,0.40835014
3,ppg,attention,0.6729339,0.6769529
3,ppg,random,0.6442474,0.61371356
3,ppg,random,0.64649165,0.650035
3,ppg,random,0.54162717,0.5125998
3,ppg,random,0.47760034,0.47914448
3,ppg,random,0.44461387,0.44469625
3,ppg,random,0.4456829,0.44606552
3,ppg,random,0.57252073,0.5798491
3,ppg,random,0.6473268,0.6404338
3,ppg,random,0.64643514,0.64605266
3,ppg,random,0.64986855,0.65232265
3,ppg,random,0.69214773,0.691685
3,ppg,random,0.655719,0.6564213
3,ppg,random,0.64877707,0.64491177
3,ppg,random,0.3917946,0.40058294
3,ppg,random,0.42178807,0.42381626
3,ppg,random,0.5589756,0.558737
3,ppg,random,0.65476525,0.6566459
3,ppg,random,0.69053125,0.6888634
3,ppg,random,0.48079118,0.47620052
3,ppg,random,0.460987,0.46459466
3,ppg,random,0.64480865,0.6521276
3,ppg,random,0.73722756,0.7400992
3,ppg,random,0.6200975,0.61716694
3,ppg,random,0.6347806,0.63977593
3,ppg,random,0.6516062,0.65097153
3,ppg,random,0.45094267,0.45343527
3,ppg,random,0.41193882,0.39786956
3,ppg,random,0.5794878,0.56550586
3,ppg,random,0.68925077,0.6865031
3,ppg,random,0.68575335,0.67785805
3,ppg,random,0.6089156,0.60829604
3,ppg,random,0.5890683,0.59023225
3,ppg,random,0.49111563,0.47882253
3,ppg,random,0.5512212,0.5577899
3,ppg,random,0.54516757,0.545881
3,ppg,random,0.44162136,0.43372455
3,ppg,random,0.72257566,0.71657974
3,ppg,random,0.65876997,0.6618392
3,ppg,random,0.4090363,0.411511
3,ppg,random,0.6733912,0.67008984
3,ecg,occlusion,0.6095477,0.64350146
3,ecg,occlusion,0.61917245,0.66739327
3,ecg,occlusion,0.43672404,0.51382023
3,ecg,occlusion,0.42004287,0.49240422
3,ecg,occlusion,0.42816168,0.5122334
3,ecg,occlusion,0.6421942,0.68666
3,ecg,occlusion,0.6702723,0.7049148
3,ecg,occlusion,0.5860082,0.65204585
3,ecg,occlusion,0.60223854,0.6501425
3,ecg,occlusion,0.63959736,0.6807194
3,ecg,occlusion,0.5768869,0.6204407
3,ecg,occlusion,0.6225244,0.6616061
3,ecg,occlusion,0.55763227,0.60465515
3,ecg,occlusion,0.6132585,0.65030646
3,ecg,occlusion,0.48935735,0.5685283
3,ecg,occlusion,0.7019169,0.72745734
3,ecg,occlusion,0.6860271,0.70905966
3,ecg,occlusion,0.5899504,0.6437471
3,ecg,occlusion,0.6660875,0.70912725
3,ecg,occlusion,0.5735813,0.6311057
3,ecg,occlusion,0.55575424,0.6131589
3,ecg,occlusion,0.63636345,0.68285006
3,ecg,occlusion,0.5079862,0.60114664
3,ecg,occlusion,0.5797009,0.6153827
3,ecg,occlusion,0.57938683,0.6560865
3,ecg,occlusion,0.664424,0.70523906
3,ecg,occlusion,0.6707428,0.7038107
3,ecg,occlusion,0.44372416,0.53572
3,ecg,occlusion,0.61819685,0.688124
3,ecg,occlusion,0.5558208,0.6090608
3,ecg,occlusion,0.5210463,0.5625739
3,ecg,occlusion,0.58394676,0.6526051
3,ecg,occlusion,0.41346538,0.4916416
3,ecg,occlusion,0.5241792,0.57842284
3,ecg,occlusion,0.6803386,0.7117146
3,ecg,occlusion,0.7147855,0.72983545
3,ecg,occlusion,0.55966085,0.62118906
3,ecg,occlusion,0.46878925,0.53380454
3,ecg,occlusion,0.5423678,0.6100892
3,ecg,occlusion,0.6423285,0.6905924
3,ecg,ig,0.6307008,0.6266018
3,ecg,ig,0.65368253,0.63593984
3,ecg,ig,0.49620992,0.46670973
3,ecg,ig,0.4566797,0.4589317
3,ecg,ig,0.45900917,0.47909638
3,ecg,ig,0.6833799,0.6498236
3,ecg,ig,0.69973975,0.67637
3,ecg,ig,0.62005705,0.6281485
3,ecg,ig,0.63052833,0.6315322
3,ecg,ig,0.6692368,0.6532347
3,ecg,ig,0.58581334,0.6158782
3,ecg,ig,0.64793813,0.6436134
3,ecg,ig,0.56637174,0.5982576
3,ecg,ig,0.64617515,0.61900294
3,ecg,ig,0.5490227,0.5175769
3,ecg,ig,0.72245264,0.7075439
3,ecg,ig,0.7036847,0.6938007
3,ecg,ig,0.60609454,0.63103527
3,ecg,ig,0.70736045,0.66804135
3,ecg,ig,0.6274982,0.57912916
3,ecg,ig,0.5845149,0.58988816
3,ecg,ig,0.6431631,0.67762804
3,ecg,ig,0.54863244,0.56961167
3,ecg,ig,0.59315765,0.6021904
3,ecg,ig,0.6134166,0.636207
3,ecg,ig,0.7048099,0.66571826
3,ecg,ig,0.7032245,0.6710446
3,ecg,ig,0.44536084,0.53551936
3,ecg,ig,0.6609296,0.65912503
3,ecg,ig,0.5754359,0.5990286
3,ecg,ig,0.5389341,0.54737014
3,ecg,ig,0.6318025,0.61019814
3,ecg,ig,0.44990513,0.45301098
3,ecg,ig,0.55259365,0.5549165
3,ecg,ig,0.70783305,0.68478197
3,ecg,ig,0.72832745,0.71698105
3,ecg,ig,0.56510556,0.61676997
3,ecg,ig,0.47501782,0.5262054
3,ecg,ig,0.6065403,0.54630935
3,ecg,ig,0.67126876,0.6677398
3,ecg,random,0.62512606,0.62996197
3,ecg,random,0.64349955,0.6449857
3,ecg,random,0.48851496,0.4700543
3,ecg,random,0.46168938,0.4547966
3,ecg,random,0.47373638,0.46540552
3,ecg,random,0.6656236,0.665712
3,ecg,random,0.6860046,0.69126403
3,ecg,random,0.624473,0.62649125
3,ecg,random,0.634219,0.62125003
3,ecg,random,0.65973175,0.6627234
3,ecg,random,0.6058537,0.6005551
3,ecg,random,0.6475111,0.6451777
3,ecg,random,0.5804464,0.5853681
3,ecg,random,0.6365329,0.63028514
3,ecg,random,0.5263096,0.53469217
3,ecg,random,0.7146615,0.7159562
3,ecg,random,0.7000373,0.70017415
3,ecg,random,0.6213014,0.61477107
3,ecg,random,0.6904079,0.6850853
3,ecg,random,0.6099696,0.5988131
3,ecg,random,0.5879408,0.58147085
3,ecg,random,0.66198176,0.6623431
3,ecg,random,0.5558133,0.55898654
3,ecg,random,0.59923214,0.59762555
3,ecg,random,0.6279507,0.6215887
3,ecg,random,0.6856363,0.68312824
3,ecg,random,0.6874777,0.688197
3,ecg,random,0.4911251,0.49859142
3,ecg,random,0.6622897,0.6516864
3,ecg,random,0.5872815,0.5872353
3,ecg,random,0.54043543,0.5470812
3,ecg,random,0.61991596,0.62286586
3,ecg,random,0.44416022,0.45803747
3,ecg,random,0.5570831,0.55381113
3,ecg,random,0.69549936,0.69791186
3,ecg,random,0.7242848,0.7208589
3,ecg,random,0.59102595,0.5928785
3,ecg,random,0.49907404,0.50379014
3,ecg,random,0.5779697,0.5790974
3,ecg,random,0.66966754,0.6693431
4,ppg,occlusion,0.69514805,0.70419395
4,ppg,occlusion,0.51463556,0.5891342
4,ppg,occlusion,0.44297788,0.4921465
4,ppg,occlusion,0.44357365,0.47861323
4,ppg,occlusion,0.45030698,0.50580734
4,ppg,occlusion,0.612862,0.617729
4,ppg,occlusion,0.6297981,0.64419687
4,ppg,occlusion,0.4630472,0.50935507
4,ppg,occlusion,0.38567322,0.42239618
4,ppg,occlusion,0.58432335,0.61789495
4,ppg,occlusion,0.39017087,0.41701913
4,ppg,occlusion,0.38666007,0.42266187
4,ppg,occlusion,0.3970831,0.43945456
4,ppg,occlusion,0.60164243,0.63992447
4,ppg,occlusion,0.47787622,0.58120024
4,ppg,occlusion,0.5855175,0.62033963
4,ppg,occlusion,0.5704044,0.58979565
4,ppg,occlusion,0.51034635,0.5388245
4,ppg,occlusion,0.6270723,0.6405261
4,ppg,occlusion,0.5538312,0.59307456
4,ppg,occlusion,0.53436714,0.5893444
4,ppg,occlusion,0.40553817,0.43322772
4,ppg,occlusion,0.53119135,0.58646375
4,ppg,occlusion,0.42930382,0.4714976
4,ppg,occlusion,0.6273791,0.649747
4,ppg,occlusion,0.6401834,0.65405977
4,ppg,occlusion,0.66033804,0.6739521
4,ppg,occlusion,0.60260683,0.6292051
4,ppg,occlusion,0.5672336,0.5945424
4,ppg,occlusion,0.43496618,0.44988164
4,ppg,occlusion,0.582531,0.61334014
4,ppg,occlusion,0.534459,0.5929071
4,ppg,occlusion,0.6344866,0.6556455
4,ppg,occlusion,0.58198357,0.60858995
4,ppg,occlusion,0.6321799,0.65028393
4,ppg,occlusion,0.442465,0.47938165
4,ppg,occlusion,0.43196756,0.47227868
4,ppg,occlusion,0.47154927,0.48739862
4,ppg,occlusion,0.53794026,0.5816916
4,ppg,occlusion,0.627222,0.6483207
4,ppg,ig,0.7027507,0.69538355
4,ppg,ig,0.519011,0.57948816
4,ppg,ig,0.4530982,0.47420126
4,ppg,ig,0.45031217,0.46992874
4,ppg,ig,0.45181134,0.5061279
4,ppg,ig,0.6219267,0.6126667
4,ppg,ig,0.64354336,0.6305797
4,ppg,ig,0.47216275,0.5054168
4,ppg,ig,0.3930515,0.41819778
4,ppg,ig,0.62016237,0.5843549
4,ppg,ig,0.39374512,0.4136568
4,ppg,ig,0.3925326,0.4125527
4,ppg,ig,0.4018234,0.43338126
4,ppg,ig,0.63972443,0.6027253
4,ppg,ig,0.47946432,0.5796708
4,ppg,ig,0.61569786,0.5865131
4,ppg,ig,0.59113723,0.5720943
4,ppg,ig,0.49866882,0.5446578
4,ppg,ig,0.6409589,0.6286014
4,ppg,ig,0.56028455,0.571894
4,ppg,ig,0.5347652,0.5967113
4,ppg,ig,0.40655854,0.4281637
4,ppg,ig,0.54109865,0.58007807
4,ppg,ig,0.4343994,0.46875152
4,ppg,ig,0.65053487,0.62815624
4,ppg,ig,0.65264493,0.6401924
4,ppg,ig,0.67418516,0.6605483
4,ppg,ig,0.62825197,0.60528684
4,ppg,ig,0.59317046,0.5689684
4,ppg,ig,0.43837166,0.44935814
4,ppg,ig,0.61314,0.5808191
4,ppg,ig,0.54182905,0.58418804
4,ppg,ig,0.65377593,0.63524073
4,ppg,ig,0.6038713,0.58706796
4,ppg,ig,0.6503767,0.63260686
4,ppg,ig,0.44703662,0.46780133
4,ppg,ig,0.43131757,0.4722594
4,ppg,ig,0.47284237,0.48447445
4,ppg,ig,0.5801178,0.537607
4,ppg,ig,0.6448963,0.62834716
4,ppg,attention,0.70129794,0.69901484
4,ppg,attention,0.5280178,0.5756513
4,ppg,attention,0.46017566,0.4711787
4,ppg,attention,0.45894215,0.4674972
4,ppg,attention,0.46282995,0.50461674
4,ppg,attention,0.61276656,0.6231657
4,ppg,attention,0.6361949,0.63679075
4,ppg,attention,0.48790288,0.4855339
4,ppg,attention,0.40588394,0.40689144
4,ppg,attention,0.59313923,0.61160254
4,ppg,attention,0.40301728,0.40700892
4,ppg,attention,0.40544355,0.40813297
4,ppg,attention,0.4320569,0.4053105
4,ppg,attention,0.6078502,0.6339969
4,ppg,attention,0.5089266,0.5785107
4,ppg,attention,0.59393513,0.61023504
4,ppg,attention,0.5788772,0.58469933
4,ppg,attention,0.53554,0.52384615
4,ppg,attention,0.633377,0.63607895
4,ppg,attention,0.5616732,0.58149683
4,ppg,attention,0.55661905,0.56728506
4,ppg,attention,0.4265139,0.41129404
4,ppg,attention,0.54913014,0.57295203
4,ppg,attention,0.46532732,0.43717155
4,ppg,attention,0.6326707,0.6457491
4,ppg,attention,0.6453566,0.64833933
4,ppg,attention,0.6604577,0.6704879
4,ppg,attention,0.6080952,0.62621987
4,ppg,attention,0.57483965,0.58717424
4,ppg,attention,0.43921146,0.4423601
4,ppg,attention,0.59517246,0.5998213
4,ppg,attention,0.5606897,0.5773934
4,ppg,attention,0.6478533,0.64540786
4,ppg,attention,0.591015,0.60274446
4,ppg,attention,0.63684183,0.64730847
4,ppg,attention,0.45740584,0.46066463
4,ppg,attention,0.45969096,0.4587951
4,ppg,attention,0.47861508,0.4815736
4,ppg,attention,0.55199224,0.55390406
4,ppg,attention,0.6385219,0.64008653
4,ppg,random,0.70059806,0.6991055
4,ppg,random,0.55004233,0.54275155
4,ppg,random,0.46264687,0.45978492
4,ppg,random,0.45507583,0.46352118
4,ppg,random,0.47278315,0.47673726
4,ppg,random,0.61477554,0.6164049
4,ppg,random,0.6371441,0.63608646
4,ppg,random,0.48825112,0.4852237
4,ppg,random,0.4003654,0.40628862
4,ppg,random,0.6018165,0.5993849
4,ppg,random,0.40779838,0.40122813
4,ppg,random,0.40173572,0.40133008
4,ppg,random,0.41898403,0.41914836
4,ppg,random,0.62274873,0.6222008
4,ppg,random,0.5521946,0.54574376
4,ppg,random,0.60068583,0.6041143
4,ppg,random,0.5828391,0.5826755
4,ppg,random,0.5268617,0.52726585
4,ppg,random,0.6324567,0.63445395
4,ppg,random,0.5692278,0.5681425
4,ppg,random,0.5649061,0.5667799
4,ppg,random,0.41696692,0.42099246
4,ppg,random,0.5521208,0.55911815
4,ppg,random,0.4615778,0.45334035
4,ppg,random,0.63623774,0.63564116
4,ppg,random,0.64678526,0.6458341
4,ppg,random,0.66805196,0.66575706
4,ppg,random,0.61552775,0.6169485
4,ppg,random,0.58065104,0.578427
4,ppg,random,0.440768,0.4450593
4,ppg,random,0.593995,0.59445894
4,ppg,random,0.55616474,0.5585353
4,ppg,random,0.6423141,0.648931
4,ppg,random,0.59254223,0.5973964
4,ppg,random,0.64076173,0.64127636
4,ppg,random,0.45577726,0.45620292
4,ppg,random,0.4643662,0.45249885
4,ppg,random,0.47921705,0.48146287
4,ppg,random,0.55760896,0.5597073
4,ppg,random,0.63636076,0.6402859
4,ecg,occlusion,0.49902254,0.56636983
4,ecg,occlusion,0.88115424,0.8826467
4,ecg,occlusion,0.70980245,0.7499174
4,ecg,occlusion,0.66747606,0.7336041
4,ecg,occlusion,0.7709881,0.81019866
4,ecg,occlusion,0.5274842,0.5920494
4,ecg,occlusion,0.45415583,0.53359085
4,ecg,occlusion,0.59291303,0.6735795
4,ecg,occlusion,0.5363373,0.5818206
4,ecg,occlusion,0.457816,0.5169219
4,ecg,occlusion,0.53622526,0.6086883
4,ecg,occlusion,0.64148486,0.6971567
4,ecg,occlusion,0.49985722,0.5844211
4,ecg,occlusion,0.46083647,0.535648
4,ecg,occlusion,0.45940396,0.49824002
4,ecg,occlusion,0.4901001,0.55260843
4,ecg,occlusion,0.4822801,0.54260916
4,ecg,occlusion,0.49360377,0.55565774
4,ecg,occlusion,0.52249867,0.5997328
4,ecg,occlusion,0.8403263,0.8581968
4,ecg,occlusion,0.5244699,0.5995797
4,ecg,occlusion,0.49656042,0.55197734
4,ecg,occlusion,0.8456743,0.8662653
4,ecg,occlusion,0.42927644,0.48308787
4,ecg,occlusion,0.5916977,0.6236332
4,ecg,occlusion,0.5380844,0.6028606
4,ecg,occlusion,0.55248934,0.6051782
4,ecg,occlusion,0.5442617,0.6016731
4,ecg,occlusion,0.5133167,0.5803576
4,ecg,occlusion,0.4840965,0.5486181
4,ecg,occlusion,0.51664346,0.5673084
4,ecg,occlusion,0.84595853,0.8669279
4,ecg,occlusion,0.48297527,0.53055084
4,ecg,occlusion,0.45386288,0.5419783
4,ecg,occlusion,0.59118885,0.6159601
4,ecg,occlusion,0.62509114,0.7110054
4,ecg,occlusion,0.43028024,0.48600414
4,ecg,occlusion,0.54779184,0.5850648
4,ecg,occlusion,0.51409084,0.5473888
4,ecg,occlusion,0.48162562,0.54272896
4,ecg,ig,0.5067335,0.56387496
4,ecg,ig,0.88201386,0.88138556
4,ecg,ig,0.7466603,0.7182675
4,ecg,ig,0.72621626,0.6766567
4,ecg,ig,0.8083785,0.7729287
4,ecg,ig,0.5461463,0.5777667
4,ecg,ig,0.45874938,0.53038245
4,ecg,ig,0.6341289,0.6347843
4,ecg,ig,0.5669284,0.55963063
4,ecg,ig,0.48152617,0.49709836
4,ecg,ig,0.5854984,0.5654345
4,ecg,ig,0.6953492,0.6436635
4,ecg,ig,0.5692174,0.5182483
4,ecg,ig,0.47253954,0.5252406
4,ecg,ig,0.47783518,0.47925213
4,ecg,ig,0.50304514,0.5400826
4,ecg,ig,0.50313467,0.52157223
4,ecg,ig,0.526456,0.5225389
4,ecg,ig,0.549496,0.57117975
4,ecg,ig,0.8579469,0.8428199
4,ecg,ig,0.5724765,0.54516864
4,ecg,ig,0.53298205,0.5148997
4,ecg,ig,0.8651966,0.8476213
4,ecg,ig,0.461047,0.45740446
4,ecg,ig,0.60777813,0.60917157
4,ecg,ig,0.5397867,0.59941053
4,ecg,ig,0.5583944,0.5976354
4,ecg,ig,0.5808463,0.5714212
4,ecg,ig,0.54732496,0.5459128
4,ecg,ig,0.52648246,0.5022613
4,ecg,ig,0.52705204,0.5560813
4,ecg,ig,0.8676463,0.84767354
4,ecg,ig,0.4871265,0.52438945
4,ecg,ig,0.45954028,0.5346393
4,ecg,ig,0.60305923,0.61042124
4,ecg,ig,0.7035826,0.6338609
4,ecg,ig,0.43483222,0.48061177
4,ecg,ig,0.57193947,0.5640291
4,ecg,ig,0.53604406,0.5268141
4,ecg,ig,0.48401633,0.5390678
4,ecg,random,0.53407085,0.53716516
4,ecg,random,0.8818122,0.8816719
4,ecg,random,0.7284374,0.73351747
4,ecg,random,0.69735,0.7079667
4,ecg,random,0.79194343,0.785758
4,ecg,random,0.5556646,0.566683
4,ecg,random,0.49004737,0.5003214
4,ecg,random,0.63010705,0.63705474
4,ecg,random,0.55980194,0.56508327
4,ecg,random,0.4835806,0.49270034
4,ecg,random,0.5699991,0.5821117
4,ecg,random,0.6677053,0.6690218
4,ecg,random,0.55604446,0.5348517
4,ecg,random,0.5023389,0.49445796
4,ecg,random,0.47890076,0.47805184
4,ecg,random,0.5160121,0.522708
4,ecg,random,0.513748,0.51040816
4,ecg,random,0.5227458,0.5228037
4,ecg,random,0.5645636,0.554078
4,ecg,random,0.85127676,0.84929067
4,ecg,random,0.5605958,0.5584074
4,ecg,random,0.5227402,0.5290368
4,ecg,random,0.85521716,0.8580704
4,ecg,random,0.45631808,0.4595995
4,ecg,random,0.6068088,0.60756254
4,ecg,random,0.5682508,0.5723573
4,ecg,random,0.5780174,0.57773083
4,ecg,random,0.568962,0.57976
4,ecg,random,0.54329264,0.54411954
4,ecg,random,0.5148541,0.51589286
4,ecg,random,0.54532886,0.5395933
4,ecg,random,0.8568823,0.85821784
4,ecg,random,0.505185,0.51299417
4,ecg,random,0.49109474,0.5044701
4,ecg,random,0.60750467,0.60131425
4,ecg,random,0.6737148,0.6659435
4,ecg,random,0.4525555,0.46438512
4,ecg,random,0.57237244,0.5608399
4,ecg,random,0.5293096,0.531002
4,ecg,random,0.5131272,0.50939906
