variant,clean_auc,"ecg_noise_0dB(mean em,ma,bw)",ecg_noise_6dB,ppg_noise_0dB,ppg_noise_6dB,both_noise_0dB,both_noise_6dB,ptt_400ms,jitter_200ms,ppg_dropout50_zero,ecg_dropout50_zero,missing_ppg_zero,missing_ecg_zero,mean_auc_all_noise,mean_drop_all_noise
resnet1d,0.9074,0.8642,0.8999,0.896,0.9071,0.8438,0.9021,0.8804,0.902,0.8922,0.8584,0.8561,0.6338,0.8969,0.0105
inceptiontime,0.8973,0.8427,0.8812,0.8888,0.8969,0.809,0.8787,0.8687,0.8844,0.8932,0.8511,0.8661,0.7547,0.8806,0.0167
tcn,0.8992,0.8348,0.8878,0.89,0.8969,0.7924,0.8872,0.8432,0.89,0.8895,0.8647,0.8548,0.7362,0.882,0.0172
concat,0.8328,0.7938,0.8233,0.7923,0.8164,0.7196,0.8042,0.8323,0.8319,0.7896,0.819,0.7628,0.7337,0.8142,0.0186
ppg_only,0.7445,0.7445,0.7445,0.6074,0.711,0.6122,0.716,0.7434,0.7419,0.6841,0.7445,0.5,0.7445,0.7251,0.0194
ecg_only,0.7914,0.7154,0.7637,0.7914,0.7914,0.7045,0.7629,0.7914,0.7914,0.7914,0.768,0.7914,0.5,0.7707,0.0206
bigru,0.8556,0.8,0.8347,0.8194,0.8496,0.7237,0.828,0.8398,0.8353,0.8118,0.8224,0.7675,0.7216,0.8335,0.0222
transformer,0.7167,0.6897,0.7112,0.6333,0.6839,0.6054,0.6707,0.7075,0.6909,0.6407,0.6851,0.6186,0.6516,0.6944,0.0223
bi_cross_attention,0.797,0.7394,0.7788,0.7593,0.7799,0.6759,0.7596,0.8068,0.8023,0.7577,0.7633,0.7414,0.6716,0.7744,0.0227
joint_transformer,0.8568,0.8104,0.838,0.8064,0.8408,0.7248,0.8209,0.8585,0.8563,0.8097,0.8419,0.7853,0.7633,0.8334,0.0235
cross_attention,0.8561,0.8025,0.8423,0.8,0.829,0.6963,0.7962,0.8556,0.8544,0.7803,0.8206,0.774,0.7358,0.8264,0.0298
bottleneck,0.8266,0.7811,0.8126,0.7521,0.7869,0.6575,0.7681,0.8144,0.8271,0.7577,0.8256,0.718,0.7338,0.7969,0.0298
gated_cross_attention,0.8622,0.8045,0.8499,0.7998,0.8337,0.6898,0.8,0.8683,0.8651,0.7835,0.8267,0.7658,0.735,0.8315,0.0307
