variant,family,target,kind,level,auc,auc_std,f1,f1_std,mean_prob,n_folds
bi_cross_attention,missing,ecg,missing_noise,1.0,0.622,0.1081,0.0,0.0,0.1683,5
bi_cross_attention,missing,ecg,missing_zero,1.0,0.6716,0.1198,0.2362,0.3234,0.4768,5
bi_cross_attention,missing,ppg,missing_noise,1.0,0.6737,0.0967,0.0,0.0,0.1013,5
bi_cross_attention,missing,ppg,missing_zero,1.0,0.7414,0.0789,0.5385,0.0445,0.8953,5
bigru,missing,ecg,missing_noise,1.0,0.6193,0.1015,0.0,0.0,0.0851,5
bigru,missing,ecg,missing_zero,1.0,0.7216,0.1005,0.4074,0.2121,0.3979,5
bigru,missing,ppg,missing_noise,1.0,0.7333,0.0868,0.4497,0.1738,0.4799,5
bigru,missing,ppg,missing_zero,1.0,0.7675,0.0819,0.5891,0.0592,0.7439,5
bottleneck,missing,ecg,missing_noise,1.0,0.7137,0.1001,0.0655,0.0988,0.3218,5
bottleneck,missing,ecg,missing_zero,1.0,0.7338,0.0537,0.3908,0.3431,0.4267,5
bottleneck,missing,ppg,missing_noise,1.0,0.6591,0.1767,0.2235,0.2936,0.4294,5
bottleneck,missing,ppg,missing_zero,1.0,0.718,0.1125,0.5714,0.0701,0.6142,5
concat,missing,ecg,missing_noise,1.0,0.7279,0.0854,0.0,0.0,0.1188,5
concat,missing,ecg,missing_zero,1.0,0.7337,0.0859,0.3902,0.2401,0.4361,5
concat,missing,ppg,missing_noise,1.0,0.7732,0.0486,0.1267,0.1753,0.2556,5
concat,missing,ppg,missing_zero,1.0,0.7628,0.0397,0.5421,0.047,0.7987,5
cross_attention,missing,ecg,missing_noise,1.0,0.7286,0.0803,0.2461,0.2717,0.4144,5
cross_attention,missing,ecg,missing_zero,1.0,0.7358,0.0693,0.559,0.1071,0.4903,5
cross_attention,missing,ppg,missing_noise,1.0,0.6263,0.0952,0.0,0.0,0.1852,5
cross_attention,missing,ppg,missing_zero,1.0,0.774,0.0239,0.5367,0.0472,0.7812,5
ecg_only,missing,ecg,missing_noise,1.0,0.5036,0.0336,0.0,0.0,0.2853,5
ecg_only,missing,ecg,missing_zero,1.0,0.5,0.0,0.3413,0.3119,0.4714,5
ecg_only,missing,ppg,missing_noise,1.0,0.7914,0.0549,0.6535,0.035,0.5155,5
ecg_only,missing,ppg,missing_zero,1.0,0.7914,0.0549,0.6535,0.035,0.5155,5
gated_cross_attention,missing,ecg,missing_noise,1.0,0.6819,0.0594,0.2302,0.3156,0.3232,5
gated_cross_attention,missing,ecg,missing_zero,1.0,0.735,0.0746,0.4952,0.0331,0.4205,5
gated_cross_attention,missing,ppg,missing_noise,1.0,0.7108,0.1163,0.1733,0.2837,0.2553,5
gated_cross_attention,missing,ppg,missing_zero,1.0,0.7658,0.0705,0.5393,0.0433,0.8042,5
inceptiontime,missing,ecg,missing_noise,1.0,0.6948,0.12,0.0207,0.0284,0.2486,5
inceptiontime,missing,ecg,missing_zero,1.0,0.7547,0.1225,0.5384,0.1753,0.4766,5
inceptiontime,missing,ppg,missing_noise,1.0,0.8325,0.0528,0.4508,0.2959,0.3364,5
inceptiontime,missing,ppg,missing_zero,1.0,0.8661,0.0475,0.5935,0.0338,0.6949,5
joint_transformer,missing,ecg,missing_noise,1.0,0.7414,0.0659,0.0,0.0,0.1366,5
joint_transformer,missing,ecg,missing_zero,1.0,0.7633,0.0701,0.4144,0.0608,0.3859,5
joint_transformer,missing,ppg,missing_noise,1.0,0.7979,0.0655,0.0,0.0,0.1585,5
joint_transformer,missing,ppg,missing_zero,1.0,0.7853,0.075,0.5506,0.0584,0.7422,5
ppg_only,missing,ecg,missing_noise,1.0,0.7445,0.0738,0.6239,0.0252,0.4873,5
ppg_only,missing,ecg,missing_zero,1.0,0.7445,0.0738,0.6239,0.0252,0.4873,5
ppg_only,missing,ppg,missing_noise,1.0,0.4862,0.0295,0.0,0.0,0.2285,5
ppg_only,missing,ppg,missing_zero,1.0,0.5,0.0,0.5367,0.0472,0.6531,5
resnet1d,missing,ecg,missing_noise,1.0,0.5977,0.1451,0.1481,0.2139,0.3329,5
resnet1d,missing,ecg,missing_zero,1.0,0.6338,0.1219,0.4533,0.2057,0.5032,5
resnet1d,missing,ppg,missing_noise,1.0,0.8425,0.0475,0.606,0.1526,0.3496,5
resnet1d,missing,ppg,missing_zero,1.0,0.8561,0.0609,0.6379,0.0428,0.6712,5
tcn,missing,ecg,missing_noise,1.0,0.6401,0.1054,0.0456,0.102,0.2498,5
tcn,missing,ecg,missing_zero,1.0,0.7362,0.0753,0.5208,0.0969,0.4784,5
tcn,missing,ppg,missing_noise,1.0,0.8278,0.0322,0.4476,0.2818,0.3515,5
tcn,missing,ppg,missing_zero,1.0,0.8548,0.0537,0.5535,0.0441,0.7349,5
transformer,missing,ecg,missing_noise,1.0,0.6126,0.0718,0.2168,0.2299,0.4477,5
transformer,missing,ecg,missing_zero,1.0,0.6516,0.0589,0.1382,0.2555,0.4124,5
transformer,missing,ppg,missing_noise,1.0,0.6141,0.0558,0.4646,0.168,0.5948,5
transformer,missing,ppg,missing_zero,1.0,0.6186,0.0538,0.4303,0.2444,0.6206,5
