variant,perturbed,AUC_identity,alignment_index(identity-swap_same),timing_index(identity-phase_scramble),max_shift_drop,pulse_presence_cue(identity-noise)
bigru,ecg,0.839,0.022,0.223,0.039,0.22
bigru,ppg,0.839,0.015,0.057,0.042,0.122
concat,ecg,0.836,0.014,0.197,-0.0,0.132
concat,ppg,0.836,0.015,0.055,0.001,0.07
cross_attention,ecg,0.842,-0.007,0.156,-0.001,0.131
cross_attention,ppg,0.842,0.002,0.065,0.004,0.209
ecg_only,ecg,0.774,0.003,0.204,0.0,0.267
gated_cross_attention,ecg,0.845,0.008,0.204,0.005,0.166
gated_cross_attention,ppg,0.845,0.008,0.067,0.015,0.146
inceptiontime,ecg,0.882,0.015,0.125,0.023,0.181
inceptiontime,ppg,0.882,0.012,0.025,0.036,0.081
joint_transformer,ecg,0.85,0.003,0.186,0.001,0.133
joint_transformer,ppg,0.85,0.009,0.067,0.007,0.076
ppg_only,ppg,0.709,-0.002,0.13,0.003,0.204
resnet1d,ecg,0.897,0.013,0.321,0.031,0.284
resnet1d,ppg,0.897,0.021,0.044,0.04,0.068
tcn,ecg,0.885,0.028,0.16,0.057,0.265
tcn,ppg,0.885,0.024,0.058,0.059,0.074
