variant,perturbed,fold,kind,auc,mean_prob
inceptiontime,ppg,0,identity,0.9487878787878788,0.4319892227649688
inceptiontime,ppg,0,swap_same_label,0.9603636363636364,0.4046693444252014
inceptiontime,ppg,0,swap_other_label,0.7775151515151516,0.4170750677585602
inceptiontime,ppg,0,shift_0.25s,0.9303030303030304,0.4063468873500824
inceptiontime,ppg,0,shift_0.5s,0.9324242424242424,0.4248796999454498
inceptiontime,ppg,0,shift_1s,0.9312121212121212,0.4202920198440552
inceptiontime,ppg,0,shift_2s,0.940909090909091,0.4114256799221039
inceptiontime,ppg,0,reverse,0.9172727272727272,0.3544271886348724
inceptiontime,ppg,0,phase_scramble,0.8987272727272728,0.3502277731895447
inceptiontime,ppg,0,drop_25,0.9408484848484848,0.4778419137001037
inceptiontime,ppg,0,drop_50,0.9289696969696972,0.5430437922477722
inceptiontime,ppg,0,noise,0.8456969696969695,0.1884164810180664
inceptiontime,ppg,1,identity,0.9341372912801484,0.5044944286346436
inceptiontime,ppg,1,swap_same_label,0.9225726654298082,0.507964551448822
inceptiontime,ppg,1,swap_other_label,0.5048855905998763,0.5135723352432251
inceptiontime,ppg,1,shift_0.25s,0.9152752009894868,0.5069034695625305
inceptiontime,ppg,1,shift_0.5s,0.919294990723562,0.509541928768158
inceptiontime,ppg,1,shift_1s,0.9245516388373533,0.507865846157074
inceptiontime,ppg,1,shift_2s,0.9189857761286332,0.5044229626655579
inceptiontime,ppg,1,reverse,0.9050711193568336,0.5037778615951538
inceptiontime,ppg,1,phase_scramble,0.8786641929499073,0.4956077039241791
inceptiontime,ppg,1,drop_25,0.9357452071737786,0.5477505922317505
inceptiontime,ppg,1,drop_50,0.91713048855906,0.6124199628829956
inceptiontime,ppg,1,noise,0.8623995052566482,0.4728334546089172
inceptiontime,ppg,2,identity,0.878235294117647,0.4676100313663482
inceptiontime,ppg,2,swap_same_label,0.8386470588235294,0.4516409933567047
inceptiontime,ppg,2,swap_other_label,0.6196470588235294,0.4514475464820862
inceptiontime,ppg,2,shift_0.25s,0.8211764705882353,0.4512473940849304
inceptiontime,ppg,2,shift_0.5s,0.841764705882353,0.4557381868362427
inceptiontime,ppg,2,shift_1s,0.8444117647058823,0.4556668698787689
inceptiontime,ppg,2,shift_2s,0.8155882352941177,0.4485241770744324
inceptiontime,ppg,2,reverse,0.8455882352941176,0.4356943368911743
inceptiontime,ppg,2,phase_scramble,0.818529411764706,0.4171876013278961
inceptiontime,ppg,2,drop_25,0.8645294117647058,0.502156138420105
inceptiontime,ppg,2,drop_50,0.8414117647058823,0.5664473176002502
inceptiontime,ppg,2,noise,0.7749411764705882,0.3492717444896698
inceptiontime,ppg,3,identity,0.8826781326781327,0.4925402402877807
inceptiontime,ppg,3,swap_same_label,0.8727886977886978,0.4699520468711853
inceptiontime,ppg,3,swap_other_label,0.5369164619164618,0.4892214834690094
inceptiontime,ppg,3,shift_0.25s,0.8535012285012284,0.4804725050926208
inceptiontime,ppg,3,shift_0.5s,0.856879606879607,0.4793232381343841
inceptiontime,ppg,3,shift_1s,0.8716216216216217,0.4768376350402832
inceptiontime,ppg,3,shift_2s,0.8544226044226045,0.4872315227985382
inceptiontime,ppg,3,reverse,0.859029484029484,0.457083135843277
inceptiontime,ppg,3,phase_scramble,0.8424447174447174,0.4591157436370849
inceptiontime,ppg,3,drop_25,0.8683046683046681,0.5169983506202698
inceptiontime,ppg,3,drop_50,0.8490171990171989,0.5506670475006104
inceptiontime,ppg,3,noise,0.7386363636363635,0.4644666612148285
inceptiontime,ppg,4,identity,0.764031007751938,0.5048778057098389
inceptiontime,ppg,4,swap_same_label,0.7519379844961241,0.4880796372890472
inceptiontime,ppg,4,swap_other_label,0.6799999999999999,0.4863206744194031
inceptiontime,ppg,4,shift_0.25s,0.7097674418604651,0.4899501502513885
inceptiontime,ppg,4,shift_0.5s,0.7358139534883721,0.4935778081417084
inceptiontime,ppg,4,shift_1s,0.7637209302325582,0.4971018135547638
inceptiontime,ppg,4,shift_2s,0.7258914728682171,0.4891391396522522
inceptiontime,ppg,4,reverse,0.7193798449612403,0.4733665585517883
inceptiontime,ppg,4,phase_scramble,0.8463875968992248,0.4465974271297455
inceptiontime,ppg,4,drop_25,0.8043410852713178,0.5992522239685059
inceptiontime,ppg,4,drop_50,0.8385736434108526,0.7208229899406433
inceptiontime,ppg,4,noise,0.7828217054263565,0.1754306852817535
inceptiontime,ecg,0,identity,0.9487878787878788,0.4319892227649688
inceptiontime,ecg,0,swap_same_label,0.9585454545454546,0.4168776571750641
inceptiontime,ecg,0,swap_other_label,0.2250909090909091,0.4980434477329254
inceptiontime,ecg,0,shift_0.25s,0.9506060606060608,0.3955996930599212
inceptiontime,ecg,0,shift_0.5s,0.9442424242424242,0.4402447938919067
inceptiontime,ecg,0,shift_1s,0.943030303030303,0.4042249023914337
inceptiontime,ecg,0,shift_2s,0.956060606060606,0.3973260521888733
inceptiontime,ecg,0,reverse,0.921818181818182,0.3797073662281036
inceptiontime,ecg,0,phase_scramble,0.8326060606060606,0.1884478479623794
inceptiontime,ecg,0,drop_25,0.9555151515151517,0.4469659328460693
inceptiontime,ecg,0,drop_50,0.9453333333333334,0.4802071154117584
inceptiontime,ecg,0,noise,0.6909090909090909,0.1400363743305206
inceptiontime,ecg,1,identity,0.9341372912801484,0.5044944286346436
inceptiontime,ecg,1,swap_same_label,0.938157081014224,0.5051876306533813
inceptiontime,ecg,1,swap_other_label,0.4708101422387137,0.5139290690422058
inceptiontime,ecg,1,shift_0.25s,0.9078540507111936,0.5067122578620911
inceptiontime,ecg,1,shift_0.5s,0.9103277674706246,0.505645215511322
inceptiontime,ecg,1,shift_1s,0.9291898577612864,0.4955987632274627
inceptiontime,ecg,1,shift_2s,0.9378478664192952,0.5001944303512573
inceptiontime,ecg,1,reverse,0.898886827458256,0.4935839474201202
inceptiontime,ecg,1,phase_scramble,0.8473098330241188,0.4461224675178528
inceptiontime,ecg,1,drop_25,0.9294372294372296,0.5044789910316467
inceptiontime,ecg,1,drop_50,0.9197278911564626,0.5048823356628418
inceptiontime,ecg,1,noise,0.8371057513914657,0.3794359266757965
inceptiontime,ecg,2,identity,0.878235294117647,0.4676100313663482
inceptiontime,ecg,2,swap_same_label,0.8331176470588234,0.4491874575614929
inceptiontime,ecg,2,swap_other_label,0.3374117647058823,0.4602011740207672
inceptiontime,ecg,2,shift_0.25s,0.8720588235294118,0.4477130174636841
inceptiontime,ecg,2,shift_0.5s,0.8379411764705882,0.4658291041851043
inceptiontime,ecg,2,shift_1s,0.8644117647058823,0.4385829865932464
inceptiontime,ecg,2,shift_2s,0.8458823529411764,0.441374123096466
inceptiontime,ecg,2,reverse,0.8099999999999999,0.4143720269203186
inceptiontime,ecg,2,phase_scramble,0.6923529411764706,0.2960014939308166
inceptiontime,ecg,2,drop_25,0.8605882352941177,0.4481872022151947
inceptiontime,ecg,2,drop_50,0.8134117647058824,0.4251413345336914
inceptiontime,ecg,2,noise,0.6498235294117647,0.2654027938842773
inceptiontime,ecg,3,identity,0.8826781326781327,0.4925402402877807
inceptiontime,ecg,3,swap_same_label,0.861916461916462,0.4712246358394623
inceptiontime,ecg,3,swap_other_label,0.4893120393120392,0.497089147567749
inceptiontime,ecg,3,shift_0.25s,0.8731572481572482,0.4575521647930145
inceptiontime,ecg,3,shift_0.5s,0.8694717444717445,0.4902042150497436
inceptiontime,ecg,3,shift_1s,0.8777641277641278,0.4619763493537903
inceptiontime,ecg,3,shift_2s,0.8786855036855037,0.4755368530750274
inceptiontime,ecg,3,reverse,0.8384520884520884,0.4637413918972015
inceptiontime,ecg,3,phase_scramble,0.7514742014742015,0.299901008605957
inceptiontime,ecg,3,drop_25,0.8796068796068797,0.4911710619926452
inceptiontime,ecg,3,drop_50,0.86492628992629,0.4939249455928802
inceptiontime,ecg,3,noise,0.7775798525798525,0.3589632511138916
inceptiontime,ecg,4,identity,0.764031007751938,0.5048778057098389
inceptiontime,ecg,4,swap_same_label,0.7412713178294574,0.4948259890079498
inceptiontime,ecg,4,swap_other_label,0.2984806201550388,0.518549919128418
inceptiontime,ecg,4,shift_0.25s,0.7404651162790697,0.4833086729049682
inceptiontime,ecg,4,shift_0.5s,0.7330232558139534,0.5031012892723083
inceptiontime,ecg,4,shift_1s,0.735813953488372,0.489796906709671
inceptiontime,ecg,4,shift_2s,0.7072868217054264,0.4954396784305572
inceptiontime,ecg,4,reverse,0.6741085271317829,0.478438526391983
inceptiontime,ecg,4,phase_scramble,0.6593488372093023,0.3669684529304504
inceptiontime,ecg,4,drop_25,0.7199379844961239,0.5102119445800781
inceptiontime,ecg,4,drop_50,0.6444651162790698,0.518487811088562
inceptiontime,ecg,4,noise,0.5466046511627907,0.1369296312332153
bigru,ppg,0,identity,0.896060606060606,0.473967045545578
bigru,ppg,0,swap_same_label,0.9126060606060604,0.4496541023254394
bigru,ppg,0,swap_other_label,0.647090909090909,0.4772505164146423
bigru,ppg,0,shift_0.25s,0.8596969696969697,0.464278906583786
bigru,ppg,0,shift_0.5s,0.8915151515151516,0.4497370421886444
bigru,ppg,0,shift_1s,0.873030303030303,0.4692384600639343
bigru,ppg,0,shift_2s,0.8942424242424243,0.4524978101253509
bigru,ppg,0,reverse,0.8581818181818183,0.4133148789405823
bigru,ppg,0,phase_scramble,0.8189090909090908,0.4135826528072357
bigru,ppg,0,drop_25,0.881939393939394,0.5332645177841187
bigru,ppg,0,drop_50,0.8776969696969698,0.6136876344680786
bigru,ppg,0,noise,0.7586060606060606,0.6491044759750366
bigru,ppg,1,identity,0.8787878787878787,0.4903031587600708
bigru,ppg,1,swap_same_label,0.7985157699443414,0.4942560791969299
bigru,ppg,1,swap_other_label,0.5790970933828077,0.5107772946357727
bigru,ppg,1,shift_0.25s,0.8021026592455163,0.4926673769950866
bigru,ppg,1,shift_0.5s,0.833951762523191,0.495641678571701
bigru,ppg,1,shift_1s,0.8101422387136674,0.4886111319065094
bigru,ppg,1,shift_2s,0.8432282003710575,0.5002179741859436
bigru,ppg,1,reverse,0.7983920841063697,0.4867424964904785
bigru,ppg,1,phase_scramble,0.7585652442795301,0.4816478192806244
bigru,ppg,1,drop_25,0.8471861471861472,0.556831955909729
bigru,ppg,1,drop_50,0.8065553494124924,0.6130046248435974
bigru,ppg,1,noise,0.6727891156462585,0.3677397668361664
bigru,ppg,2,identity,0.8514705882352941,0.3812200725078583
bigru,ppg,2,swap_same_label,0.8358823529411763,0.3580192327499389
bigru,ppg,2,swap_other_label,0.5981176470588235,0.3381068408489227
bigru,ppg,2,shift_0.25s,0.808235294117647,0.3689978718757629
bigru,ppg,2,shift_0.5s,0.8144117647058824,0.3620981574058532
bigru,ppg,2,shift_1s,0.8041176470588235,0.3587798476219177
bigru,ppg,2,shift_2s,0.8291176470588235,0.3520129024982452
bigru,ppg,2,reverse,0.8097058823529412,0.2869285643100738
bigru,ppg,2,phase_scramble,0.8024117647058823,0.277789831161499
bigru,ppg,2,drop_25,0.8466470588235293,0.4769116044044494
bigru,ppg,2,drop_50,0.8111764705882353,0.6141098737716675
bigru,ppg,2,noise,0.7584117647058825,0.1586343199014663
bigru,ppg,3,identity,0.8651719901719902,0.4287653863430023
bigru,ppg,3,swap_same_label,0.8632063882063882,0.4017874598503113
bigru,ppg,3,swap_other_label,0.5509828009828011,0.415031760931015
bigru,ppg,3,shift_0.25s,0.8350737100737101,0.4229470491409302
bigru,ppg,3,shift_0.5s,0.8476658476658476,0.4153690934181213
bigru,ppg,3,shift_1s,0.8541154791154791,0.4116735160350799
bigru,ppg,3,shift_2s,0.8452088452088452,0.4289691746234894
bigru,ppg,3,reverse,0.8019041769041769,0.3207888901233673
bigru,ppg,3,phase_scramble,0.7854422604422603,0.3224374949932098
bigru,ppg,3,drop_25,0.8432432432432432,0.4932080805301666
bigru,ppg,3,drop_50,0.8025798525798526,0.5593264698982239
bigru,ppg,3,noise,0.6890663390663392,0.5862200856208801
bigru,ppg,4,identity,0.7013953488372092,0.5375291109085083
bigru,ppg,4,swap_same_label,0.7082790697674419,0.5219711065292358
bigru,ppg,4,swap_other_label,0.5746356589147287,0.5219988822937012
bigru,ppg,4,shift_0.25s,0.6759689922480621,0.5348723530769348
bigru,ppg,4,shift_0.5s,0.6697674418604651,0.5243409872055054
bigru,ppg,4,shift_1s,0.7231007751937985,0.5391138195991516
bigru,ppg,4,shift_2s,0.6756589147286821,0.5242594480514526
bigru,ppg,4,reverse,0.6381395348837209,0.4561924636363983
bigru,ppg,4,phase_scramble,0.7422015503875968,0.431865930557251
bigru,ppg,4,drop_25,0.713984496124031,0.6853257417678833
bigru,ppg,4,drop_50,0.7268837209302326,0.8275850415229797
bigru,ppg,4,noise,0.7016434108527131,0.5426818132400513
bigru,ecg,0,identity,0.896060606060606,0.473967045545578
bigru,ecg,0,swap_same_label,0.9035151515151516,0.4612187445163727
bigru,ecg,0,swap_other_label,0.3516363636363636,0.5014429688453674
bigru,ecg,0,shift_0.25s,0.8981818181818182,0.4278932213783264
bigru,ecg,0,shift_0.5s,0.8751515151515151,0.4746851921081543
bigru,ecg,0,shift_1s,0.8981818181818182,0.4112991988658905
bigru,ecg,0,shift_2s,0.8875757575757576,0.4370498657226562
bigru,ecg,0,reverse,0.8645454545454545,0.390249639749527
bigru,ecg,0,phase_scramble,0.6824848484848485,0.2920031547546386
bigru,ecg,0,drop_25,0.8992121212121212,0.4334309101104736
bigru,ecg,0,drop_50,0.8896363636363637,0.4031523764133453
bigru,ecg,0,noise,0.6946666666666667,0.2285331934690475
bigru,ecg,1,identity,0.8787878787878787,0.4903031587600708
bigru,ecg,1,swap_same_label,0.8055658627087199,0.4926975667476654
bigru,ecg,1,swap_other_label,0.4283858998144712,0.516595184803009
bigru,ecg,1,shift_0.25s,0.8123067408781695,0.4866411089897156
bigru,ecg,1,shift_0.5s,0.7820037105751392,0.4857798218727112
bigru,ecg,1,shift_1s,0.8005565862708721,0.4795272052288055
bigru,ecg,1,shift_2s,0.8543599257884972,0.4956590235233307
bigru,ecg,1,reverse,0.7445887445887447,0.4521141648292541
bigru,ecg,1,phase_scramble,0.5217687074829932,0.3246717453002929
bigru,ecg,1,drop_25,0.8810142238713669,0.4818235039710998
bigru,ecg,1,drop_50,0.8656771799628942,0.4667200446128845
bigru,ecg,1,noise,0.6239950525664811,0.0667799189686775
bigru,ecg,2,identity,0.8514705882352941,0.3812200725078583
bigru,ecg,2,swap_same_label,0.8269411764705883,0.3586049675941467
bigru,ecg,2,swap_other_label,0.3563529411764706,0.3466156423091888
bigru,ecg,2,shift_0.25s,0.8105882352941176,0.3457734286785126
bigru,ecg,2,shift_0.5s,0.841764705882353,0.4015029668807983
bigru,ecg,2,shift_1s,0.8099999999999999,0.3520311117172241
bigru,ecg,2,shift_2s,0.8182352941176471,0.3398131430149078
bigru,ecg,2,reverse,0.7579411764705882,0.2377024292945861
bigru,ecg,2,phase_scramble,0.5797647058823528,0.1043481603264808
bigru,ecg,2,drop_25,0.8466470588235294,0.3633766770362854
bigru,ecg,2,drop_50,0.8275882352941177,0.3528012335300445
bigru,ecg,2,noise,0.627,0.009985975921154
bigru,ecg,3,identity,0.8651719901719902,0.4287653863430023
bigru,ecg,3,swap_same_label,0.8538083538083538,0.3837490081787109
bigru,ecg,3,swap_other_label,0.4937960687960688,0.4286815226078033
bigru,ecg,3,shift_0.25s,0.8574938574938575,0.4079954326152801
bigru,ecg,3,shift_0.5s,0.8501228501228502,0.4077681303024292
bigru,ecg,3,shift_1s,0.8682432432432433,0.3855954110622406
bigru,ecg,3,shift_2s,0.8624078624078624,0.4127764999866485
bigru,ecg,3,reverse,0.8359950859950861,0.3526535630226135
bigru,ecg,3,phase_scramble,0.7342751842751843,0.1192620024085044
bigru,ecg,3,drop_25,0.8618550368550368,0.4269516468048095
bigru,ecg,3,drop_50,0.8402334152334152,0.4310754239559173
bigru,ecg,3,noise,0.6957002457002457,0.0683714374899864
bigru,ecg,4,identity,0.7013953488372092,0.5375291109085083
bigru,ecg,4,swap_same_label,0.6946976744186047,0.5215754508972168
bigru,ecg,4,swap_other_label,0.4253643410852713,0.5471734404563904
bigru,ecg,4,shift_0.25s,0.7553488372093022,0.5155135989189148
bigru,ecg,4,shift_0.5s,0.6502325581395348,0.5434325933456421
bigru,ecg,4,shift_1s,0.706046511627907,0.5217319130897522
bigru,ecg,4,shift_2s,0.6914728682170542,0.5274496674537659
bigru,ecg,4,reverse,0.6462015503875969,0.4925688505172729
bigru,ecg,4,phase_scramble,0.5583875968992248,0.3421133160591125
bigru,ecg,4,drop_25,0.6870697674418605,0.5146716833114624
bigru,ecg,4,drop_50,0.6497364341085271,0.4722316265106201
bigru,ecg,4,noise,0.4509767441860465,0.0790582001209259
joint_transformer,ppg,0,identity,0.8781818181818182,0.4499417543411255
joint_transformer,ppg,0,swap_same_label,0.882909090909091,0.4427287578582763
joint_transformer,ppg,0,swap_other_label,0.6045454545454546,0.4754480421543121
joint_transformer,ppg,0,shift_0.25s,0.8757575757575758,0.4518757462501526
joint_transformer,ppg,0,shift_0.5s,0.8772727272727273,0.4509437084197998
joint_transformer,ppg,0,shift_1s,0.8772727272727274,0.4500229358673095
joint_transformer,ppg,0,shift_2s,0.8745454545454545,0.4500711560249328
joint_transformer,ppg,0,reverse,0.8257575757575758,0.5484586358070374
joint_transformer,ppg,0,phase_scramble,0.8016363636363637,0.464135080575943
joint_transformer,ppg,0,drop_25,0.852060606060606,0.5659449696540833
joint_transformer,ppg,0,drop_50,0.8218787878787879,0.6754111051559448
joint_transformer,ppg,0,noise,0.7738181818181816,0.0298109166324138
joint_transformer,ppg,1,identity,0.8435374149659863,0.4930640161037445
joint_transformer,ppg,1,swap_same_label,0.8234384662956092,0.4973171353340149
joint_transformer,ppg,1,swap_other_label,0.5251700680272109,0.5093926191329956
joint_transformer,ppg,1,shift_0.25s,0.849721706864564,0.4928967356681824
joint_transformer,ppg,1,shift_0.5s,0.8435374149659866,0.4911254346370697
joint_transformer,ppg,1,shift_1s,0.8469387755102041,0.4905411303043365
joint_transformer,ppg,1,shift_2s,0.8478664192949907,0.4903664886951446
joint_transformer,ppg,1,reverse,0.8305504019789735,0.5342835783958435
joint_transformer,ppg,1,phase_scramble,0.7575139146567718,0.495854377746582
joint_transformer,ppg,1,drop_25,0.835930735930736,0.5411351919174194
joint_transformer,ppg,1,drop_50,0.8149041434755719,0.6050087213516235
joint_transformer,ppg,1,noise,0.7638837353123067,0.2382812201976776
joint_transformer,ppg,2,identity,0.8432352941176471,0.4370960295200348
joint_transformer,ppg,2,swap_same_label,0.8167058823529411,0.4427359104156494
joint_transformer,ppg,2,swap_other_label,0.4394705882352941,0.4487651288509369
joint_transformer,ppg,2,shift_0.25s,0.8455882352941175,0.4366156458854675
joint_transformer,ppg,2,shift_0.5s,0.8388235294117647,0.4373171925544739
joint_transformer,ppg,2,shift_1s,0.8367647058823529,0.4353759884834289
joint_transformer,ppg,2,shift_2s,0.8232352941176471,0.4315578937530517
joint_transformer,ppg,2,reverse,0.7541176470588236,0.5262713432312012
joint_transformer,ppg,2,phase_scramble,0.7327058823529412,0.4541575312614441
joint_transformer,ppg,2,drop_25,0.7781176470588235,0.5332843065261841
joint_transformer,ppg,2,drop_50,0.7216470588235293,0.625584602355957
joint_transformer,ppg,2,noise,0.7117647058823529,0.2088116854429245
joint_transformer,ppg,3,identity,0.8703931203931203,0.406850516796112
joint_transformer,ppg,3,swap_same_label,0.859029484029484,0.4089581370353699
joint_transformer,ppg,3,swap_other_label,0.438943488943489,0.4226277470588684
joint_transformer,ppg,3,shift_0.25s,0.8700859950859952,0.4065858125686645
joint_transformer,ppg,3,shift_0.5s,0.8676289926289926,0.4057907462120056
joint_transformer,ppg,3,shift_1s,0.8673218673218674,0.4053677916526794
joint_transformer,ppg,3,shift_2s,0.8679361179361179,0.4042785465717315
joint_transformer,ppg,3,reverse,0.863022113022113,0.4584892690181732
joint_transformer,ppg,3,phase_scramble,0.7772727272727272,0.3868775963783264
joint_transformer,ppg,3,drop_25,0.8786855036855036,0.4944066405296325
joint_transformer,ppg,3,drop_50,0.8515970515970516,0.5910658240318298
joint_transformer,ppg,3,noise,0.778992628992629,0.2073448002338409
joint_transformer,ppg,4,identity,0.8127131782945737,0.4612374305725097
joint_transformer,ppg,4,swap_same_label,0.8206511627906977,0.4555447697639465
joint_transformer,ppg,4,swap_other_label,0.5999999999999999,0.4712418913841247
joint_transformer,ppg,4,shift_0.25s,0.8117829457364341,0.4568837583065033
joint_transformer,ppg,4,shift_0.5s,0.8105426356589147,0.4584020972251892
joint_transformer,ppg,4,shift_1s,0.8176744186046512,0.4555191695690155
joint_transformer,ppg,4,shift_2s,0.8015503875968992,0.4561736583709717
joint_transformer,ppg,4,reverse,0.8071317829457365,0.5787001848220825
joint_transformer,ppg,4,phase_scramble,0.841922480620155,0.4892124235630035
joint_transformer,ppg,4,drop_25,0.8373333333333333,0.597061276435852
joint_transformer,ppg,4,drop_50,0.8366511627906977,0.6849117875099182
joint_transformer,ppg,4,noise,0.8414883720930233,0.0765974149107933
joint_transformer,ecg,0,identity,0.8781818181818182,0.4499417543411255
joint_transformer,ecg,0,swap_same_label,0.891090909090909,0.456484705209732
joint_transformer,ecg,0,swap_other_label,0.4105454545454545,0.486999362707138
joint_transformer,ecg,0,shift_0.25s,0.876060606060606,0.4478289186954498
joint_transformer,ecg,0,shift_0.5s,0.8781818181818182,0.4483745098114013
joint_transformer,ecg,0,shift_1s,0.8778787878787878,0.4489105343818664
joint_transformer,ecg,0,shift_2s,0.8787878787878788,0.447585791349411
joint_transformer,ecg,0,reverse,0.8463636363636363,0.3948118984699249
joint_transformer,ecg,0,phase_scramble,0.7186666666666668,0.1654328554868698
joint_transformer,ecg,0,drop_25,0.8854545454545455,0.4351129531860351
joint_transformer,ecg,0,drop_50,0.8887878787878787,0.4109391570091247
joint_transformer,ecg,0,noise,0.7638787878787878,0.1257992684841156
joint_transformer,ecg,1,identity,0.8435374149659863,0.4930640161037445
joint_transformer,ecg,1,swap_same_label,0.8204700061842919,0.492216408252716
joint_transformer,ecg,1,swap_other_label,0.4507730364873222,0.5126277804374695
joint_transformer,ecg,1,shift_0.25s,0.8463203463203463,0.4930377304553985
joint_transformer,ecg,1,shift_0.5s,0.8460111317254174,0.4931954443454742
joint_transformer,ecg,1,shift_1s,0.8432282003710575,0.4929256737232208
joint_transformer,ecg,1,shift_2s,0.8469387755102041,0.4934545159339905
joint_transformer,ecg,1,reverse,0.7448979591836735,0.4439949691295624
joint_transformer,ecg,1,phase_scramble,0.5460729746444032,0.3471667468547821
joint_transformer,ecg,1,drop_25,0.842547928262214,0.4789152145385742
joint_transformer,ecg,1,drop_50,0.8267161410018552,0.4567302167415619
joint_transformer,ecg,1,noise,0.7374768089053804,0.2062774896621704
joint_transformer,ecg,2,identity,0.8432352941176471,0.4370960295200348
joint_transformer,ecg,2,swap_same_label,0.8309411764705882,0.4475739002227783
joint_transformer,ecg,2,swap_other_label,0.5157058823529411,0.4465150833129883
joint_transformer,ecg,2,shift_0.25s,0.8470588235294119,0.4365293681621551
joint_transformer,ecg,2,shift_0.5s,0.8461764705882353,0.4373035132884979
joint_transformer,ecg,2,shift_1s,0.8441176470588235,0.4374207258224487
joint_transformer,ecg,2,shift_2s,0.845,0.4381774067878723
joint_transformer,ecg,2,reverse,0.8185294117647058,0.388709545135498
joint_transformer,ecg,2,phase_scramble,0.7262941176470589,0.259676456451416
joint_transformer,ecg,2,drop_25,0.849,0.4378299713134765
joint_transformer,ecg,2,drop_50,0.8584705882352941,0.4401424527168274
joint_transformer,ecg,2,noise,0.750764705882353,0.2189944982528686
joint_transformer,ecg,3,identity,0.8703931203931203,0.406850516796112
joint_transformer,ecg,3,swap_same_label,0.871990171990172,0.4037456512451172
joint_transformer,ecg,3,swap_other_label,0.5827395577395578,0.4201291501522064
joint_transformer,ecg,3,shift_0.25s,0.8697788697788696,0.4068697392940521
joint_transformer,ecg,3,shift_0.5s,0.8694717444717444,0.407143086194992
joint_transformer,ecg,3,shift_1s,0.8688574938574939,0.4065657556056976
joint_transformer,ecg,3,shift_2s,0.8694717444717444,0.4066369533538818
joint_transformer,ecg,3,reverse,0.7773341523341524,0.3627031147480011
joint_transformer,ecg,3,phase_scramble,0.7249385749385749,0.2515179514884949
joint_transformer,ecg,3,drop_25,0.8539926289926291,0.4037958681583404
joint_transformer,ecg,3,drop_50,0.8219287469287468,0.4009493291378021
joint_transformer,ecg,3,noise,0.7407248157248156,0.1317334175109863
joint_transformer,ecg,4,identity,0.8127131782945737,0.4612374305725097
joint_transformer,ecg,4,swap_same_label,0.8176744186046511,0.4588903784751892
joint_transformer,ecg,4,swap_other_label,0.408,0.4896557927131653
joint_transformer,ecg,4,shift_0.25s,0.8117829457364341,0.4588554799556732
joint_transformer,ecg,4,shift_0.5s,0.8068217054263566,0.4586561918258667
joint_transformer,ecg,4,shift_1s,0.8083720930232559,0.4592176079750061
joint_transformer,ecg,4,shift_2s,0.8089922480620154,0.459366112947464
joint_transformer,ecg,4,reverse,0.7063565891472867,0.398662120103836
joint_transformer,ecg,4,phase_scramble,0.6003720930232559,0.1913784444332122
joint_transformer,ecg,4,drop_25,0.7959069767441861,0.4547587037086487
joint_transformer,ecg,4,drop_50,0.7711007751937984,0.4456054270267486
joint_transformer,ecg,4,noise,0.590325581395349,0.0533071644604206
gated_cross_attention,ppg,0,identity,0.8696969696969696,0.502981960773468
gated_cross_attention,ppg,0,swap_same_label,0.8766666666666667,0.4932296872138977
gated_cross_attention,ppg,0,swap_other_label,0.5690909090909091,0.5261049270629883
gated_cross_attention,ppg,0,shift_0.25s,0.860909090909091,0.4965527951717376
gated_cross_attention,ppg,0,shift_0.5s,0.8587878787878788,0.4935549199581146
gated_cross_attention,ppg,0,shift_1s,0.8624242424242424,0.4840249419212341
gated_cross_attention,ppg,0,shift_2s,0.8363636363636363,0.4916935563087463
gated_cross_attention,ppg,0,reverse,0.8142424242424243,0.5278334021568298
gated_cross_attention,ppg,0,phase_scramble,0.7688484848484849,0.5054667592048645
gated_cross_attention,ppg,0,drop_25,0.7607878787878788,0.6075335741043091
gated_cross_attention,ppg,0,drop_50,0.713878787878788,0.6668606400489807
gated_cross_attention,ppg,0,noise,0.6549696969696969,0.1190125495195388
gated_cross_attention,ppg,1,identity,0.8497217068645639,0.4276778399944305
gated_cross_attention,ppg,1,swap_same_label,0.8367965367965369,0.4304050803184509
gated_cross_attention,ppg,1,swap_other_label,0.5115027829313543,0.4456087946891784
gated_cross_attention,ppg,1,shift_0.25s,0.846938775510204,0.4269182980060577
gated_cross_attention,ppg,1,shift_0.5s,0.8540507111935683,0.423153281211853
gated_cross_attention,ppg,1,shift_1s,0.8506493506493507,0.42193204164505
gated_cross_attention,ppg,1,shift_2s,0.8555967841682128,0.4205906987190246
gated_cross_attention,ppg,1,reverse,0.8045763760049475,0.4977633059024811
gated_cross_attention,ppg,1,phase_scramble,0.7752628324056895,0.4670397341251373
gated_cross_attention,ppg,1,drop_25,0.8009276437847866,0.5080562829971313
gated_cross_attention,ppg,1,drop_50,0.7625850340136054,0.5608729124069214
gated_cross_attention,ppg,1,noise,0.6326530612244898,0.1380561143159866
gated_cross_attention,ppg,2,identity,0.8826470588235295,0.4729851484298706
gated_cross_attention,ppg,2,swap_same_label,0.8594117647058823,0.4672559797763824
gated_cross_attention,ppg,2,swap_other_label,0.5217058823529411,0.4802235662937164
gated_cross_attention,ppg,2,shift_0.25s,0.8767647058823529,0.4715830683708191
gated_cross_attention,ppg,2,shift_0.5s,0.8791176470588236,0.4716008901596069
gated_cross_attention,ppg,2,shift_1s,0.8832352941176471,0.4701135158538818
gated_cross_attention,ppg,2,shift_2s,0.8564705882352941,0.4655448496341705
gated_cross_attention,ppg,2,reverse,0.7873529411764706,0.5474545955657959
gated_cross_attention,ppg,2,phase_scramble,0.7739411764705884,0.4747749865055084
gated_cross_attention,ppg,2,drop_25,0.8066470588235294,0.5990894436836243
gated_cross_attention,ppg,2,drop_50,0.7687352941176471,0.7004567384719849
gated_cross_attention,ppg,2,noise,0.7407058823529412,0.2423996031284332
gated_cross_attention,ppg,3,identity,0.8648648648648649,0.4818406403064728
gated_cross_attention,ppg,3,swap_same_label,0.8684275184275183,0.4806001782417297
gated_cross_attention,ppg,3,swap_other_label,0.5405405405405405,0.4906722009181976
gated_cross_attention,ppg,3,shift_0.25s,0.8725429975429975,0.4839151203632355
gated_cross_attention,ppg,3,shift_0.5s,0.8664004914004914,0.4791606664657593
gated_cross_attention,ppg,3,shift_1s,0.8630221130221131,0.4784049093723297
gated_cross_attention,ppg,3,shift_2s,0.8525798525798526,0.4730182886123657
gated_cross_attention,ppg,3,reverse,0.8298525798525799,0.5716437101364136
gated_cross_attention,ppg,3,phase_scramble,0.7974201474201474,0.5135160684585571
gated_cross_attention,ppg,3,drop_25,0.8337223587223587,0.5991314649581909
gated_cross_attention,ppg,3,drop_50,0.8097051597051597,0.6308171153068542
gated_cross_attention,ppg,3,noise,0.7841523341523342,0.4946919083595276
gated_cross_attention,ppg,4,identity,0.755968992248062,0.4974114000797272
gated_cross_attention,ppg,4,swap_same_label,0.741953488372093,0.4977529644966125
gated_cross_attention,ppg,4,swap_other_label,0.5872248062015504,0.4980625212192535
gated_cross_attention,ppg,4,shift_0.25s,0.7556589147286822,0.497252494096756
gated_cross_attention,ppg,4,shift_0.5s,0.7556589147286822,0.4956333935260772
gated_cross_attention,ppg,4,shift_1s,0.7528682170542637,0.4955106973648071
gated_cross_attention,ppg,4,shift_2s,0.7469767441860465,0.4938808679580688
gated_cross_attention,ppg,4,reverse,0.7302325581395348,0.5853804349899292
gated_cross_attention,ppg,4,phase_scramble,0.7743875968992248,0.4836699962615967
gated_cross_attention,ppg,4,drop_25,0.7650852713178296,0.6392955183982849
gated_cross_attention,ppg,4,drop_50,0.7325271317829458,0.7125548720359802
gated_cross_attention,ppg,4,noise,0.6829147286821706,0.2409028261899948
gated_cross_attention,ecg,0,identity,0.8696969696969696,0.502981960773468
gated_cross_attention,ecg,0,swap_same_label,0.8771515151515151,0.5101996660232544
gated_cross_attention,ecg,0,swap_other_label,0.4689090909090908,0.526648998260498
gated_cross_attention,ecg,0,shift_0.25s,0.873030303030303,0.5027039647102356
gated_cross_attention,ecg,0,shift_0.5s,0.8700000000000001,0.5014827847480774
gated_cross_attention,ecg,0,shift_1s,0.8639393939393939,0.5022178888320923
gated_cross_attention,ecg,0,shift_2s,0.8651515151515152,0.4994289875030517
gated_cross_attention,ecg,0,reverse,0.8369696969696969,0.4540740549564361
gated_cross_attention,ecg,0,phase_scramble,0.6518181818181817,0.235263779759407
gated_cross_attention,ecg,0,drop_25,0.8664848484848486,0.5122641324996948
gated_cross_attention,ecg,0,drop_50,0.8224242424242425,0.5193243026733398
gated_cross_attention,ecg,0,noise,0.7370909090909091,0.5073968768119812
gated_cross_attention,ecg,1,identity,0.8497217068645639,0.4276778399944305
gated_cross_attention,ecg,1,swap_same_label,0.8267161410018554,0.4235022068023681
gated_cross_attention,ecg,1,swap_other_label,0.4803957946815089,0.4496416449546814
gated_cross_attention,ecg,1,shift_0.25s,0.8518862090290661,0.4270089268684387
gated_cross_attention,ecg,1,shift_0.5s,0.8494124922696351,0.4267637133598327
gated_cross_attention,ecg,1,shift_1s,0.8518862090290662,0.4272577166557312
gated_cross_attention,ecg,1,shift_2s,0.8423005565862709,0.4278991520404815
gated_cross_attention,ecg,1,reverse,0.7786023500309215,0.3645626306533813
gated_cross_attention,ecg,1,phase_scramble,0.5065553494124923,0.2147067040205001
gated_cross_attention,ecg,1,drop_25,0.8551638837353123,0.4237508177757263
gated_cross_attention,ecg,1,drop_50,0.830117501546073,0.4181338250637054
gated_cross_attention,ecg,1,noise,0.7457637600494744,0.1486172378063202
gated_cross_attention,ecg,2,identity,0.8826470588235295,0.4729851484298706
gated_cross_attention,ecg,2,swap_same_label,0.8671764705882353,0.4701108932495117
gated_cross_attention,ecg,2,swap_other_label,0.4300588235294117,0.480508953332901
gated_cross_attention,ecg,2,shift_0.25s,0.8858823529411765,0.4723948836326599
gated_cross_attention,ecg,2,shift_0.5s,0.8852941176470588,0.4739817082881927
gated_cross_attention,ecg,2,shift_1s,0.8867647058823528,0.4731092154979706
gated_cross_attention,ecg,2,shift_2s,0.8820588235294118,0.4742264449596405
gated_cross_attention,ecg,2,reverse,0.8767647058823529,0.4146033525466919
gated_cross_attention,ecg,2,phase_scramble,0.7689411764705884,0.2471651583909988
gated_cross_attention,ecg,2,drop_25,0.8908823529411765,0.4468829035758972
gated_cross_attention,ecg,2,drop_50,0.8663529411764704,0.4165058135986328
gated_cross_attention,ecg,2,noise,0.6661764705882354,0.0959777608513832
gated_cross_attention,ecg,3,identity,0.8648648648648649,0.4818406403064728
gated_cross_attention,ecg,3,swap_same_label,0.8791154791154792,0.4774905145168304
gated_cross_attention,ecg,3,swap_other_label,0.4847665847665848,0.497138112783432
gated_cross_attention,ecg,3,shift_0.25s,0.8651719901719902,0.4817608594894409
gated_cross_attention,ecg,3,shift_0.5s,0.8605651105651105,0.4821072816848755
gated_cross_attention,ecg,3,shift_1s,0.8611793611793611,0.4817083179950714
gated_cross_attention,ecg,3,shift_2s,0.85995085995086,0.4815006852149963
gated_cross_attention,ecg,3,reverse,0.7960687960687961,0.4403035938739776
gated_cross_attention,ecg,3,phase_scramble,0.6885135135135135,0.3065929412841797
gated_cross_attention,ecg,3,drop_25,0.8707616707616707,0.4643943309783935
gated_cross_attention,ecg,3,drop_50,0.8308353808353809,0.4553245604038238
gated_cross_attention,ecg,3,noise,0.6762285012285012,0.1874565780162811
gated_cross_attention,ecg,4,identity,0.755968992248062,0.4974114000797272
gated_cross_attention,ecg,4,swap_same_label,0.73184496124031,0.5001862645149231
gated_cross_attention,ecg,4,swap_other_label,0.4140155038759689,0.5190173983573914
gated_cross_attention,ecg,4,shift_0.25s,0.7531782945736434,0.4969781637191772
gated_cross_attention,ecg,4,shift_0.5s,0.7469767441860465,0.4971265196800232
gated_cross_attention,ecg,4,shift_1s,0.7475968992248062,0.4973574578762054
gated_cross_attention,ecg,4,shift_2s,0.7503875968992247,0.4965327382087707
gated_cross_attention,ecg,4,reverse,0.7122480620155038,0.4717605412006378
gated_cross_attention,ecg,4,phase_scramble,0.5867286821705427,0.3321387767791748
gated_cross_attention,ecg,4,drop_25,0.7145426356589147,0.4998195767402649
gated_cross_attention,ecg,4,drop_50,0.6455813953488372,0.5026801824569702
gated_cross_attention,ecg,4,noise,0.5691782945736434,0.7234225869178772
ecg_only,ecg,0,identity,0.8178787878787879,0.4978373050689697
ecg_only,ecg,0,swap_same_label,0.8213333333333335,0.4996282458305359
ecg_only,ecg,0,swap_other_label,0.14557575757575753,0.5293635129928589
ecg_only,ecg,0,shift_0.25s,0.8175757575757576,0.49776318669319153
ecg_only,ecg,0,shift_0.5s,0.8157575757575757,0.49773478507995605
ecg_only,ecg,0,shift_1s,0.8169696969696969,0.4980494976043701
ecg_only,ecg,0,shift_2s,0.8172727272727273,0.49741923809051514
ecg_only,ecg,0,reverse,0.6924242424242425,0.44906458258628845
ecg_only,ecg,0,phase_scramble,0.5904242424242424,0.4065132141113281
ecg_only,ecg,0,drop_25,0.798,0.47523874044418335
ecg_only,ecg,0,drop_50,0.7688484848484849,0.43315619230270386
ecg_only,ecg,0,noise,0.5139393939393939,0.4606757164001465
ecg_only,ecg,1,identity,0.7884972170686456,0.5305495858192444
ecg_only,ecg,1,swap_same_label,0.7743970315398887,0.5303962826728821
ecg_only,ecg,1,swap_other_label,0.20550401978973407,0.5593767762184143
ecg_only,ecg,1,shift_0.25s,0.7915893630179344,0.5305152535438538
ecg_only,ecg,1,shift_0.5s,0.7903525046382189,0.5305825471878052
ecg_only,ecg,1,shift_1s,0.7878787878787878,0.5305349826812744
ecg_only,ecg,1,shift_2s,0.7888064316635746,0.530309796333313
ecg_only,ecg,1,reverse,0.5757575757575757,0.45154938101768494
ecg_only,ecg,1,phase_scramble,0.4895485466914038,0.36619365215301514
ecg_only,ecg,1,drop_25,0.7842918985776128,0.5314933061599731
ecg_only,ecg,1,drop_50,0.7468769325912182,0.535426914691925
ecg_only,ecg,1,noise,0.5118119975262833,0.2669898271560669
ecg_only,ecg,2,identity,0.7426470588235293,0.5212958455085754
ecg_only,ecg,2,swap_same_label,0.728,0.5210813283920288
ecg_only,ecg,2,swap_other_label,0.2316470588235294,0.5303362607955933
ecg_only,ecg,2,shift_0.25s,0.7429411764705882,0.5210083723068237
ecg_only,ecg,2,shift_0.5s,0.7447058823529411,0.5213406085968018
ecg_only,ecg,2,shift_1s,0.741764705882353,0.5211460590362549
ecg_only,ecg,2,shift_2s,0.7405882352941177,0.5212050676345825
ecg_only,ecg,2,reverse,0.6520588235294117,0.47618985176086426
ecg_only,ecg,2,phase_scramble,0.6459999999999999,0.4225265085697174
ecg_only,ecg,2,drop_25,0.7373529411764705,0.519438624382019
ecg_only,ecg,2,drop_50,0.7368823529411765,0.5197499990463257
ecg_only,ecg,2,noise,0.5298235294117648,0.42189812660217285
ecg_only,ecg,3,identity,0.7189803439803439,0.47672510147094727
ecg_only,ecg,3,swap_same_label,0.7271498771498772,0.47431236505508423
ecg_only,ecg,3,swap_other_label,0.325982800982801,0.48938432335853577
ecg_only,ecg,3,shift_0.25s,0.7205159705159705,0.4771212041378021
ecg_only,ecg,3,shift_0.5s,0.7217444717444718,0.47700920701026917
ecg_only,ecg,3,shift_1s,0.7199017199017199,0.47660040855407715
ecg_only,ecg,3,shift_2s,0.7211302211302211,0.47696587443351746
ecg_only,ecg,3,reverse,0.5939803439803439,0.43208375573158264
ecg_only,ecg,3,phase_scramble,0.5998157248157249,0.3982641100883484
ecg_only,ecg,3,drop_25,0.7168304668304668,0.46800628304481506
ecg_only,ecg,3,drop_50,0.7022113022113022,0.45295554399490356
ecg_only,ecg,3,noise,0.5006142506142506,0.15589982271194458
ecg_only,ecg,4,identity,0.8043410852713178,0.503044068813324
ecg_only,ecg,4,swap_same_label,0.8071317829457364,0.501905620098114
ecg_only,ecg,4,swap_other_label,0.22362790697674417,0.5163378715515137
ecg_only,ecg,4,shift_0.25s,0.8027906976744186,0.5025959610939026
ecg_only,ecg,4,shift_0.5s,0.8052713178294573,0.503046989440918
ecg_only,ecg,4,shift_1s,0.8034108527131784,0.5027873516082764
ecg_only,ecg,4,shift_2s,0.8024806201550387,0.5028259754180908
ecg_only,ecg,4,reverse,0.6288372093023257,0.4772707521915436
ecg_only,ecg,4,phase_scramble,0.5240930232558141,0.39875683188438416
ecg_only,ecg,4,drop_25,0.7961550387596898,0.5076408982276917
ecg_only,ecg,4,drop_50,0.7815503875968993,0.5117005109786987
ecg_only,ecg,4,noise,0.48254263565891475,0.12154340744018555
ppg_only,ppg,0,identity,0.7351515151515151,0.5033166408538818
ppg_only,ppg,0,swap_same_label,0.7338787878787879,0.49915558099746704
ppg_only,ppg,0,swap_other_label,0.2988484848484848,0.522188663482666
ppg_only,ppg,0,shift_0.25s,0.7354545454545454,0.5044569969177246
ppg_only,ppg,0,shift_0.5s,0.7357575757575758,0.5044928193092346
ppg_only,ppg,0,shift_1s,0.7348484848484849,0.5044863820075989
ppg_only,ppg,0,shift_2s,0.7327272727272727,0.5048477649688721
ppg_only,ppg,0,reverse,0.6306060606060606,0.552406370639801
ppg_only,ppg,0,phase_scramble,0.5438787878787877,0.5339635610580444
ppg_only,ppg,0,drop_25,0.7053333333333333,0.5538530945777893
ppg_only,ppg,0,drop_50,0.658969696969697,0.5754786729812622
ppg_only,ppg,0,noise,0.5004242424242424,0.03598765656352043
ppg_only,ppg,1,identity,0.782312925170068,0.48715412616729736
ppg_only,ppg,1,swap_same_label,0.7726654298082869,0.4892614483833313
ppg_only,ppg,1,swap_other_label,0.2103896103896104,0.5008950233459473
ppg_only,ppg,1,shift_0.25s,0.7810760667903525,0.4875641167163849
ppg_only,ppg,1,shift_0.5s,0.7801484230055659,0.4879710078239441
ppg_only,ppg,1,shift_1s,0.7807668521954236,0.48779112100601196
ppg_only,ppg,1,shift_2s,0.7789115646258504,0.48774129152297974
ppg_only,ppg,1,reverse,0.741187384044527,0.5347850322723389
ppg_only,ppg,1,phase_scramble,0.5878169449598021,0.515558123588562
ppg_only,ppg,1,drop_25,0.7526901669758812,0.5228234529495239
ppg_only,ppg,1,drop_50,0.7352504638218924,0.5380010604858398
ppg_only,ppg,1,noise,0.4803957946815089,0.4914780259132385
ppg_only,ppg,2,identity,0.7135294117647059,0.5135370492935181
ppg_only,ppg,2,swap_same_label,0.733235294117647,0.5098280906677246
ppg_only,ppg,2,swap_other_label,0.2998235294117647,0.5233086347579956
ppg_only,ppg,2,shift_0.25s,0.7097058823529412,0.5143041610717773
ppg_only,ppg,2,shift_0.5s,0.7076470588235294,0.5149928331375122
ppg_only,ppg,2,shift_1s,0.7070588235294119,0.5146181583404541
ppg_only,ppg,2,shift_2s,0.7129411764705883,0.5141833424568176
ppg_only,ppg,2,reverse,0.7167647058823529,0.5340628623962402
ppg_only,ppg,2,phase_scramble,0.6381176470588237,0.5167214870452881
ppg_only,ppg,2,drop_25,0.6964117647058824,0.5611572861671448
ppg_only,ppg,2,drop_50,0.6917058823529413,0.608401894569397
ppg_only,ppg,2,noise,0.5284117647058822,0.16215549409389496
ppg_only,ppg,3,identity,0.7386363636363636,0.482720285654068
ppg_only,ppg,3,swap_same_label,0.7219287469287469,0.48568257689476013
ppg_only,ppg,3,swap_other_label,0.25018427518427516,0.49777331948280334
ppg_only,ppg,3,shift_0.25s,0.7392506142506142,0.48222672939300537
ppg_only,ppg,3,shift_0.5s,0.7306511056511056,0.4825219213962555
ppg_only,ppg,3,shift_1s,0.73495085995086,0.482933908700943
ppg_only,ppg,3,shift_2s,0.7389434889434889,0.48291632533073425
ppg_only,ppg,3,reverse,0.7383292383292384,0.527205228805542
ppg_only,ppg,3,phase_scramble,0.5992014742014743,0.5043617486953735
ppg_only,ppg,3,drop_25,0.7441646191646191,0.538644015789032
ppg_only,ppg,3,drop_50,0.721990171990172,0.5586577653884888
ppg_only,ppg,3,noise,0.5323095823095823,0.3234296441078186
ppg_only,ppg,4,identity,0.5748837209302325,0.5028279423713684
ppg_only,ppg,4,swap_same_label,0.5908217054263566,0.503002941608429
ppg_only,ppg,4,swap_other_label,0.43125581395348844,0.508098304271698
ppg_only,ppg,4,shift_0.25s,0.5733333333333334,0.5018044114112854
ppg_only,ppg,4,shift_0.5s,0.5733333333333334,0.5023377537727356
ppg_only,ppg,4,shift_1s,0.576124031007752,0.5020128488540649
ppg_only,ppg,4,shift_2s,0.5730232558139535,0.501918375492096
ppg_only,ppg,4,reverse,0.47131782945736433,0.5421475172042847
ppg_only,ppg,4,phase_scramble,0.5246201550387596,0.497993141412735
ppg_only,ppg,4,drop_25,0.5457984496124031,0.601251482963562
ppg_only,ppg,4,drop_50,0.5273178294573643,0.6832497715950012
ppg_only,ppg,4,noise,0.4824186046511628,0.12920883297920227
concat,ppg,0,identity,0.9015151515151515,0.48347607254981995
concat,ppg,0,swap_same_label,0.897151515151515,0.47839707136154175
concat,ppg,0,swap_other_label,0.6254545454545454,0.5089789628982544
concat,ppg,0,shift_0.25s,0.9033333333333334,0.48207899928092957
concat,ppg,0,shift_0.5s,0.9024242424242425,0.48257097601890564
concat,ppg,0,shift_1s,0.9021212121212121,0.4822159707546234
concat,ppg,0,shift_2s,0.9015151515151516,0.4828178286552429
concat,ppg,0,reverse,0.853030303030303,0.5545175671577454
concat,ppg,0,phase_scramble,0.8311515151515152,0.5056120157241821
concat,ppg,0,drop_25,0.8335757575757576,0.6015766859054565
concat,ppg,0,drop_50,0.806969696969697,0.7045458555221558
concat,ppg,0,noise,0.7727272727272727,0.14618173241615295
concat,ppg,1,identity,0.8509585652442796,0.5070021748542786
concat,ppg,1,swap_same_label,0.8171923314780457,0.5091612339019775
concat,ppg,1,swap_other_label,0.5925170068027212,0.521320104598999
concat,ppg,1,shift_0.25s,0.8500309214594928,0.5070388317108154
concat,ppg,1,shift_0.5s,0.8500309214594928,0.507419228553772
concat,ppg,1,shift_1s,0.8503401360544217,0.5074697732925415
concat,ppg,1,shift_2s,0.849721706864564,0.5072422623634338
concat,ppg,1,reverse,0.8113790970933827,0.5641297698020935
concat,ppg,1,phase_scramble,0.7757575757575758,0.5183462500572205
concat,ppg,1,drop_25,0.8317254174397032,0.5599962472915649
concat,ppg,1,drop_50,0.8103277674706245,0.6214203238487244
concat,ppg,1,noise,0.7672232529375387,0.3833159804344177
concat,ppg,2,identity,0.8197058823529412,0.5016672015190125
concat,ppg,2,swap_same_label,0.8014705882352942,0.4984944760799408
concat,ppg,2,swap_other_label,0.5700000000000001,0.5072239637374878
concat,ppg,2,shift_0.25s,0.8173529411764706,0.5018426775932312
concat,ppg,2,shift_0.5s,0.8188235294117646,0.5021985173225403
concat,ppg,2,shift_1s,0.8185294117647058,0.5019636154174805
concat,ppg,2,shift_2s,0.8188235294117646,0.501898467540741
concat,ppg,2,reverse,0.7797058823529412,0.5555545091629028
concat,ppg,2,phase_scramble,0.750764705882353,0.5004329085350037
concat,ppg,2,drop_25,0.7863529411764706,0.58125901222229
concat,ppg,2,drop_50,0.7595294117647058,0.6706638336181641
concat,ppg,2,noise,0.7305882352941178,0.34105581045150757
concat,ppg,3,identity,0.833845208845209,0.44901788234710693
concat,ppg,3,swap_same_label,0.8267199017199017,0.4494918882846832
concat,ppg,3,swap_other_label,0.501105651105651,0.4572257399559021
concat,ppg,3,shift_0.25s,0.8332309582309583,0.44928327202796936
concat,ppg,3,shift_0.5s,0.8304668304668306,0.4496847987174988
concat,ppg,3,shift_1s,0.8326167076167077,0.4497746527194977
concat,ppg,3,shift_2s,0.832002457002457,0.4493989646434784
concat,ppg,3,reverse,0.8181818181818181,0.48211753368377686
concat,ppg,3,phase_scramble,0.7315110565110563,0.4383639693260193
concat,ppg,3,drop_25,0.8300368550368551,0.5084221363067627
concat,ppg,3,drop_50,0.8031941031941032,0.5914782881736755
concat,ppg,3,noise,0.732063882063882,0.31626978516578674
concat,ppg,4,identity,0.7733333333333333,0.4489535093307495
concat,ppg,4,swap_same_label,0.7622325581395348,0.45148390531539917
concat,ppg,4,swap_other_label,0.6952558139534883,0.4476667046546936
concat,ppg,4,shift_0.25s,0.7727131782945736,0.44845113158226013
concat,ppg,4,shift_0.5s,0.7730232558139535,0.4488203823566437
concat,ppg,4,shift_1s,0.7739534883720931,0.4488477110862732
concat,ppg,4,shift_2s,0.7727131782945736,0.448950856924057
concat,ppg,4,reverse,0.7534883720930233,0.5222719311714172
concat,ppg,4,phase_scramble,0.8161240310077519,0.420026957988739
concat,ppg,4,drop_25,0.7863565891472868,0.5840857625007629
concat,ppg,4,drop_50,0.7990077519379846,0.7138363718986511
concat,ppg,4,noise,0.8276589147286822,0.0463920421898365
concat,ecg,0,identity,0.9015151515151515,0.48347607254981995
concat,ecg,0,swap_same_label,0.8977575757575756,0.4954301714897156
concat,ecg,0,swap_other_label,0.38721212121212123,0.5208141207695007
concat,ecg,0,shift_0.25s,0.9018181818181819,0.4812333583831787
concat,ecg,0,shift_0.5s,0.9024242424242425,0.48173561692237854
concat,ecg,0,shift_1s,0.9015151515151515,0.481710821390152
concat,ecg,0,shift_2s,0.9033333333333333,0.48212379217147827
concat,ecg,0,reverse,0.8457575757575758,0.4046362340450287
concat,ecg,0,phase_scramble,0.6981212121212121,0.24980807304382324
concat,ecg,0,drop_25,0.8926060606060606,0.489793598651886
concat,ecg,0,drop_50,0.8941818181818182,0.5277987718582153
concat,ecg,0,noise,0.7796363636363635,0.02866424061357975
concat,ecg,1,identity,0.8509585652442796,0.5070021748542786
concat,ecg,1,swap_same_label,0.8272727272727272,0.5074862837791443
concat,ecg,1,swap_other_label,0.38392084106369817,0.5294406414031982
concat,ecg,1,shift_0.25s,0.850030921459493,0.5062454342842102
concat,ecg,1,shift_0.5s,0.8528138528138529,0.506278932094574
concat,ecg,1,shift_1s,0.8503401360544218,0.5063048005104065
concat,ecg,1,shift_2s,0.8512677798392083,0.506475567817688
concat,ecg,1,reverse,0.7340754483611627,0.44126269221305847
concat,ecg,1,phase_scramble,0.5445269016697588,0.33301258087158203
concat,ecg,1,drop_25,0.8528138528138529,0.49288487434387207
concat,ecg,1,drop_50,0.8232529375386518,0.47229117155075073
concat,ecg,1,noise,0.7301793444650587,0.1891080141067505
concat,ecg,2,identity,0.8197058823529412,0.5016672015190125
concat,ecg,2,swap_same_label,0.7836470588235294,0.5021911859512329
concat,ecg,2,swap_other_label,0.3900588235294118,0.5109834671020508
concat,ecg,2,shift_0.25s,0.8214705882352942,0.5009894371032715
concat,ecg,2,shift_0.5s,0.8214705882352942,0.5012296438217163
concat,ecg,2,shift_1s,0.8202941176470588,0.5012133121490479
concat,ecg,2,shift_2s,0.8220588235294117,0.5012860298156738
concat,ecg,2,reverse,0.7679411764705882,0.44495171308517456
concat,ecg,2,phase_scramble,0.6559411764705881,0.301228791475296
concat,ecg,2,drop_25,0.8281176470588235,0.4922962784767151
concat,ecg,2,drop_50,0.8386470588235294,0.4814837574958801
concat,ecg,2,noise,0.7458823529411764,0.20852383971214294
concat,ecg,3,identity,0.833845208845209,0.44901788234710693
concat,ecg,3,swap_same_label,0.8406633906633907,0.44600462913513184
concat,ecg,3,swap_other_label,0.5251228501228502,0.45768460631370544
concat,ecg,3,shift_0.25s,0.8347665847665848,0.44906193017959595
concat,ecg,3,shift_0.5s,0.8326167076167076,0.44931626319885254
concat,ecg,3,shift_1s,0.8323095823095824,0.4487754702568054
concat,ecg,3,shift_2s,0.8332309582309583,0.4491819739341736
concat,ecg,3,reverse,0.7555282555282555,0.41204676032066345
concat,ecg,3,phase_scramble,0.7309582309582311,0.33824414014816284
concat,ecg,3,drop_25,0.8294226044226043,0.44021493196487427
concat,ecg,3,drop_50,0.8097665847665848,0.4264119267463684
concat,ecg,3,noise,0.7294226044226043,0.1794843226671219
concat,ecg,4,identity,0.7733333333333333,0.4489535093307495
concat,ecg,4,swap_same_label,0.7623565891472868,0.450298935174942
concat,ecg,4,swap_other_label,0.31088372093023253,0.48628002405166626
concat,ecg,4,shift_0.25s,0.7755038759689923,0.4479045867919922
concat,ecg,4,shift_0.5s,0.7751937984496123,0.44894951581954956
concat,ecg,4,shift_1s,0.7755038759689923,0.4488147497177124
concat,ecg,4,shift_2s,0.7751937984496124,0.448575884103775
concat,ecg,4,reverse,0.6452713178294573,0.4071906507015228
concat,ecg,4,phase_scramble,0.5625426356589147,0.23252634704113007
concat,ecg,4,drop_25,0.7474728682170542,0.4322236478328705
concat,ecg,4,drop_50,0.6888682170542636,0.4029359817504883
concat,ecg,4,noise,0.5355658914728683,0.018668044358491898
cross_attention,ppg,0,identity,0.8763636363636363,0.47175467014312744
cross_attention,ppg,0,swap_same_label,0.8984848484848484,0.4581764340400696
cross_attention,ppg,0,swap_other_label,0.5475151515151515,0.501549482345581
cross_attention,ppg,0,shift_0.25s,0.8781818181818183,0.4599370062351227
cross_attention,ppg,0,shift_0.5s,0.8721212121212121,0.4586445987224579
cross_attention,ppg,0,shift_1s,0.8693939393939394,0.45749208331108093
cross_attention,ppg,0,shift_2s,0.863030303030303,0.4555019438266754
cross_attention,ppg,0,reverse,0.8066666666666666,0.5261826515197754
cross_attention,ppg,0,phase_scramble,0.797939393939394,0.46996408700942993
cross_attention,ppg,0,drop_25,0.8203030303030303,0.5810864567756653
cross_attention,ppg,0,drop_50,0.7636363636363636,0.6505162715911865
cross_attention,ppg,0,noise,0.6620606060606061,0.07101808488368988
cross_attention,ppg,1,identity,0.8336425479282622,0.4454492926597595
cross_attention,ppg,1,swap_same_label,0.8402597402597403,0.4466307759284973
cross_attention,ppg,1,swap_other_label,0.5079158936301794,0.4583985209465027
cross_attention,ppg,1,shift_0.25s,0.8388991960420532,0.4476296305656433
cross_attention,ppg,1,shift_0.5s,0.8398268398268398,0.44162699580192566
cross_attention,ppg,1,shift_1s,0.8395176252319109,0.4372994005680084
cross_attention,ppg,1,shift_2s,0.8407544836116264,0.4368327558040619
cross_attention,ppg,1,reverse,0.8073593073593074,0.49288371205329895
cross_attention,ppg,1,phase_scramble,0.7681508967223254,0.4715811610221863
cross_attention,ppg,1,drop_25,0.7624613481756339,0.544725239276886
cross_attention,ppg,1,drop_50,0.7543599257884972,0.5765913724899292
cross_attention,ppg,1,noise,0.7368583797155226,0.2715733051300049
cross_attention,ppg,2,identity,0.8326470588235294,0.46010822057724
cross_attention,ppg,2,swap_same_label,0.8208235294117647,0.4496082365512848
cross_attention,ppg,2,swap_other_label,0.5234705882352941,0.45558127760887146
cross_attention,ppg,2,shift_0.25s,0.8473529411764706,0.46117424964904785
cross_attention,ppg,2,shift_0.5s,0.8447058823529413,0.46105727553367615
cross_attention,ppg,2,shift_1s,0.8432352941176472,0.4559995234012604
cross_attention,ppg,2,shift_2s,0.8335294117647059,0.4502154290676117
cross_attention,ppg,2,reverse,0.7391176470588234,0.4931526780128479
cross_attention,ppg,2,phase_scramble,0.7515882352941177,0.4637305736541748
cross_attention,ppg,2,drop_25,0.75,0.5452121496200562
cross_attention,ppg,2,drop_50,0.732764705882353,0.5940596461296082
cross_attention,ppg,2,noise,0.6125882352941177,0.0933951884508133
cross_attention,ppg,3,identity,0.8507371007371007,0.4789334535598755
cross_attention,ppg,3,swap_same_label,0.847911547911548,0.4815657138824463
cross_attention,ppg,3,swap_other_label,0.4855036855036855,0.4835107922554016
cross_attention,ppg,3,shift_0.25s,0.8459766584766585,0.4790475368499756
cross_attention,ppg,3,shift_0.5s,0.8501228501228502,0.4773609936237335
cross_attention,ppg,3,shift_1s,0.8538083538083538,0.47671425342559814
cross_attention,ppg,3,shift_2s,0.8501228501228502,0.47689300775527954
cross_attention,ppg,3,reverse,0.8003685503685505,0.5086407661437988
cross_attention,ppg,3,phase_scramble,0.7479729729729729,0.47758275270462036
cross_attention,ppg,3,drop_25,0.8111793611793612,0.5296570062637329
cross_attention,ppg,3,drop_50,0.7774570024570024,0.5730952024459839
cross_attention,ppg,3,noise,0.4767199017199017,0.2557147443294525
cross_attention,ppg,4,identity,0.8145736434108527,0.45756325125694275
cross_attention,ppg,4,swap_same_label,0.7913798449612403,0.45603814721107483
cross_attention,ppg,4,swap_other_label,0.6094883720930232,0.4599667191505432
cross_attention,ppg,4,shift_0.25s,0.8052713178294574,0.4584980010986328
cross_attention,ppg,4,shift_0.5s,0.8034108527131784,0.45720916986465454
cross_attention,ppg,4,shift_1s,0.8083720930232557,0.4561361074447632
cross_attention,ppg,4,shift_2s,0.8006201550387597,0.45310208201408386
cross_attention,ppg,4,reverse,0.7863565891472868,0.5351439714431763
cross_attention,ppg,4,phase_scramble,0.8156899224806201,0.4775938093662262
cross_attention,ppg,4,drop_25,0.813953488372093,0.5386622548103333
cross_attention,ppg,4,drop_50,0.8011162790697675,0.5824498534202576
cross_attention,ppg,4,noise,0.6741085271317829,0.22246089577674866
cross_attention,ecg,0,identity,0.8763636363636363,0.47175467014312744
cross_attention,ecg,0,swap_same_label,0.9038181818181819,0.47041448950767517
cross_attention,ecg,0,swap_other_label,0.49866666666666665,0.4953490197658539
cross_attention,ecg,0,shift_0.25s,0.8793939393939395,0.47080519795417786
cross_attention,ecg,0,shift_0.5s,0.8812121212121212,0.4711679518222809
cross_attention,ecg,0,shift_1s,0.8818181818181818,0.4705508053302765
cross_attention,ecg,0,shift_2s,0.8827272727272728,0.47010576725006104
cross_attention,ecg,0,reverse,0.8581818181818182,0.4296056032180786
cross_attention,ecg,0,phase_scramble,0.8245454545454545,0.247639462351799
cross_attention,ecg,0,drop_25,0.8799999999999999,0.4930698275566101
cross_attention,ecg,0,drop_50,0.8716363636363637,0.5262578725814819
cross_attention,ecg,0,noise,0.8091515151515152,0.6931476593017578
cross_attention,ecg,1,identity,0.8336425479282622,0.4454492926597595
cross_attention,ecg,1,swap_same_label,0.8343228200371057,0.44317206740379333
cross_attention,ecg,1,swap_other_label,0.48472479901051324,0.4648839831352234
cross_attention,ecg,1,shift_0.25s,0.8376623376623377,0.44503918290138245
cross_attention,ecg,1,shift_0.5s,0.833951762523191,0.44412916898727417
cross_attention,ecg,1,shift_1s,0.8361162646876933,0.44443899393081665
cross_attention,ecg,1,shift_2s,0.8333333333333333,0.4444330930709839
cross_attention,ecg,1,reverse,0.7606679035250464,0.3851853907108307
cross_attention,ecg,1,phase_scramble,0.5380952380952381,0.2794345021247864
cross_attention,ecg,1,drop_25,0.8299319727891156,0.4411538541316986
cross_attention,ecg,1,drop_50,0.7946815089672232,0.43825775384902954
cross_attention,ecg,1,noise,0.7148423005565864,0.2187175303697586
cross_attention,ecg,2,identity,0.8326470588235294,0.46010822057724
cross_attention,ecg,2,swap_same_label,0.8411176470588236,0.4521103799343109
cross_attention,ecg,2,swap_other_label,0.44152941176470584,0.45700645446777344
cross_attention,ecg,2,shift_0.25s,0.835,0.45910120010375977
cross_attention,ecg,2,shift_0.5s,0.8361764705882352,0.46055516600608826
cross_attention,ecg,2,shift_1s,0.8379411764705882,0.4596443772315979
cross_attention,ecg,2,shift_2s,0.8361764705882354,0.45994213223457336
cross_attention,ecg,2,reverse,0.7714705882352941,0.38851282000541687
cross_attention,ecg,2,phase_scramble,0.7583529411764707,0.20709295570850372
cross_attention,ecg,2,drop_25,0.8285882352941177,0.47565191984176636
cross_attention,ecg,2,drop_50,0.807705882352941,0.5225228071212769
cross_attention,ecg,2,noise,0.7266470588235293,0.3542400300502777
cross_attention,ecg,3,identity,0.8507371007371007,0.4789334535598755
cross_attention,ecg,3,swap_same_label,0.8687346437346438,0.4780968129634857
cross_attention,ecg,3,swap_other_label,0.5256142506142506,0.4831761419773102
cross_attention,ecg,3,shift_0.25s,0.8522727272727272,0.4790700674057007
cross_attention,ecg,3,shift_0.5s,0.8513513513513514,0.4785970449447632
cross_attention,ecg,3,shift_1s,0.8531941031941033,0.4790297746658325
cross_attention,ecg,3,shift_2s,0.8495085995085996,0.4789586365222931
cross_attention,ecg,3,reverse,0.8098894348894349,0.45116233825683594
cross_attention,ecg,3,phase_scramble,0.701965601965602,0.34042271971702576
cross_attention,ecg,3,drop_25,0.8605036855036856,0.48365283012390137
cross_attention,ecg,3,drop_50,0.8468673218673219,0.49434757232666016
cross_attention,ecg,3,noise,0.7433046683046683,0.7219405174255371
cross_attention,ecg,4,identity,0.8145736434108527,0.45756325125694275
cross_attention,ecg,4,swap_same_label,0.7934883720930233,0.45711570978164673
cross_attention,ecg,4,swap_other_label,0.4014883720930233,0.47808799147605896
cross_attention,ecg,4,shift_0.25s,0.8117829457364342,0.4571340084075928
cross_attention,ecg,4,shift_0.5s,0.8111627906976744,0.4569895565509796
cross_attention,ecg,4,shift_1s,0.8120930232558139,0.4574131667613983
cross_attention,ecg,4,shift_2s,0.8111627906976744,0.45652279257774353
cross_attention,ecg,4,reverse,0.7637209302325582,0.4289325475692749
cross_attention,ecg,4,phase_scramble,0.603906976744186,0.28830569982528687
cross_attention,ecg,4,drop_25,0.7725891472868217,0.45050883293151855
cross_attention,ecg,4,drop_50,0.6917209302325582,0.4405647814273834
cross_attention,ecg,4,noise,0.5605581395348838,0.16838040947914124
resnet1d,ppg,0,identity,0.9203030303030302,0.5494062304496765
resnet1d,ppg,0,swap_same_label,0.9143030303030303,0.5176728367805481
resnet1d,ppg,0,swap_other_label,0.822121212121212,0.5297331809997559
resnet1d,ppg,0,shift_0.25s,0.9106060606060606,0.534501314163208
resnet1d,ppg,0,shift_0.5s,0.910909090909091,0.5332472920417786
resnet1d,ppg,0,shift_1s,0.8903030303030303,0.5326501727104187
resnet1d,ppg,0,shift_2s,0.9184848484848485,0.5268384218215942
resnet1d,ppg,0,reverse,0.9324242424242424,0.5182113647460938
resnet1d,ppg,0,phase_scramble,0.8696363636363635,0.5013550519943237
resnet1d,ppg,0,drop_25,0.923212121212121,0.5587104558944702
resnet1d,ppg,0,drop_50,0.9210303030303031,0.5745145678520203
resnet1d,ppg,0,noise,0.8498181818181818,0.48832806944847107
resnet1d,ppg,1,identity,0.8995052566481138,0.4863429665565491
resnet1d,ppg,1,swap_same_label,0.8992578849721706,0.48090386390686035
resnet1d,ppg,1,swap_other_label,0.7949907235621521,0.4837282598018646
resnet1d,ppg,1,shift_0.25s,0.8726035868893012,0.47820621728897095
resnet1d,ppg,1,shift_0.5s,0.8509585652442796,0.48392897844314575
resnet1d,ppg,1,shift_1s,0.8500309214594928,0.4624270796775818
resnet1d,ppg,1,shift_2s,0.8923933209647495,0.47907543182373047
resnet1d,ppg,1,reverse,0.8741496598639455,0.46090129017829895
resnet1d,ppg,1,phase_scramble,0.8547309833024119,0.45871883630752563
resnet1d,ppg,1,drop_25,0.9053184910327768,0.502034068107605
resnet1d,ppg,1,drop_50,0.9035868893011749,0.5279400944709778
resnet1d,ppg,1,noise,0.800865800865801,0.38483554124832153
resnet1d,ppg,2,identity,0.8797058823529411,0.4921124279499054
resnet1d,ppg,2,swap_same_label,0.8458235294117646,0.4727490544319153
resnet1d,ppg,2,swap_other_label,0.7713529411764707,0.46801939606666565
resnet1d,ppg,2,shift_0.25s,0.8341176470588235,0.4646261930465698
resnet1d,ppg,2,shift_0.5s,0.8711764705882352,0.4721090793609619
resnet1d,ppg,2,shift_1s,0.8755882352941176,0.4757838249206543
resnet1d,ppg,2,shift_2s,0.8644117647058823,0.470327764749527
resnet1d,ppg,2,reverse,0.846764705882353,0.44864723086357117
resnet1d,ppg,2,phase_scramble,0.830529411764706,0.4115462303161621
resnet1d,ppg,2,drop_25,0.8603529411764705,0.5705254673957825
resnet1d,ppg,2,drop_50,0.8232058823529412,0.6830103993415833
resnet1d,ppg,2,noise,0.8444705882352942,0.3959812521934509
resnet1d,ppg,3,identity,0.9210687960687961,0.4032084345817566
resnet1d,ppg,3,swap_same_label,0.9042383292383294,0.3915782868862152
resnet1d,ppg,3,swap_other_label,0.7775184275184275,0.3903888761997223
resnet1d,ppg,3,shift_0.25s,0.9066339066339066,0.3971160054206848
resnet1d,ppg,3,shift_0.5s,0.9136977886977887,0.39016374945640564
resnet1d,ppg,3,shift_1s,0.9253685503685504,0.39423730969429016
resnet1d,ppg,3,shift_2s,0.9060196560196561,0.3986545503139496
resnet1d,ppg,3,reverse,0.906941031941032,0.3847990334033966
resnet1d,ppg,3,phase_scramble,0.876965601965602,0.3555380702018738
resnet1d,ppg,3,drop_25,0.9171990171990172,0.43369126319885254
resnet1d,ppg,3,drop_50,0.9059582309582309,0.48549455404281616
resnet1d,ppg,3,noise,0.8514742014742014,0.29151979088783264
resnet1d,ppg,4,identity,0.8626356589147287,0.37360700964927673
resnet1d,ppg,4,swap_same_label,0.8156899224806201,0.34566354751586914
resnet1d,ppg,4,swap_other_label,0.8076279069767442,0.3384729325771332
resnet1d,ppg,4,shift_0.25s,0.7584496124031007,0.34563982486724854
resnet1d,ppg,4,shift_0.5s,0.8198449612403101,0.34261366724967957
resnet1d,ppg,4,shift_1s,0.8375193798449613,0.3339598774909973
resnet1d,ppg,4,shift_2s,0.8055813953488371,0.3387642800807953
resnet1d,ppg,4,reverse,0.7609302325581396,0.359591007232666
resnet1d,ppg,4,phase_scramble,0.8303875968992248,0.30997949838638306
resnet1d,ppg,4,drop_25,0.8712558139534885,0.4536946415901184
resnet1d,ppg,4,drop_50,0.8659844961240311,0.5890868902206421
resnet1d,ppg,4,noise,0.7973953488372093,0.1709267497062683
resnet1d,ecg,0,identity,0.9203030303030302,0.5494062304496765
resnet1d,ecg,0,swap_same_label,0.9310909090909091,0.5355547666549683
resnet1d,ecg,0,swap_other_label,0.17036363636363636,0.5948437452316284
resnet1d,ecg,0,shift_0.25s,0.9190909090909091,0.5287841558456421
resnet1d,ecg,0,shift_0.5s,0.9103030303030303,0.5316579937934875
resnet1d,ecg,0,shift_1s,0.9169696969696971,0.5014159083366394
resnet1d,ecg,0,shift_2s,0.9151515151515153,0.5135207772254944
resnet1d,ecg,0,reverse,0.8848484848484849,0.481092631816864
resnet1d,ecg,0,phase_scramble,0.6359999999999999,0.30831289291381836
resnet1d,ecg,0,drop_25,0.9123636363636365,0.5693281292915344
resnet1d,ecg,0,drop_50,0.8915757575757576,0.6108729839324951
resnet1d,ecg,0,noise,0.7826666666666666,0.408103883266449
resnet1d,ecg,1,identity,0.8995052566481138,0.4863429665565491
resnet1d,ecg,1,swap_same_label,0.8978973407544835,0.48219504952430725
resnet1d,ecg,1,swap_other_label,0.19789734075448362,0.5285083055496216
resnet1d,ecg,1,shift_0.25s,0.8494124922696351,0.4521883428096771
resnet1d,ecg,1,shift_0.5s,0.8296227581941868,0.5062865018844604
resnet1d,ecg,1,shift_1s,0.870748299319728,0.46472597122192383
resnet1d,ecg,1,shift_2s,0.8849721706864565,0.46605178713798523
resnet1d,ecg,1,reverse,0.8024118738404453,0.4428088068962097
resnet1d,ecg,1,phase_scramble,0.4004329004329004,0.3241595923900604
resnet1d,ecg,1,drop_25,0.8873840445269016,0.5043503046035767
resnet1d,ecg,1,drop_50,0.8509585652442795,0.5327728390693665
resnet1d,ecg,1,noise,0.559121830550402,0.49432820081710815
resnet1d,ecg,2,identity,0.8797058823529411,0.4921124279499054
resnet1d,ecg,2,swap_same_label,0.8458823529411765,0.47104382514953613
resnet1d,ecg,2,swap_other_label,0.2091176470588235,0.49823933839797974
resnet1d,ecg,2,shift_0.25s,0.866764705882353,0.45218488574028015
resnet1d,ecg,2,shift_0.5s,0.87,0.4769846498966217
resnet1d,ecg,2,shift_1s,0.8670588235294118,0.4396521747112274
resnet1d,ecg,2,shift_2s,0.8632352941176471,0.45817267894744873
resnet1d,ecg,2,reverse,0.7735294117647058,0.3867683410644531
resnet1d,ecg,2,phase_scramble,0.5305882352941176,0.22626836597919464
resnet1d,ecg,2,drop_25,0.8794705882352941,0.4915866255760193
resnet1d,ecg,2,drop_50,0.8580588235294119,0.49859458208084106
resnet1d,ecg,2,noise,0.5532941176470588,0.3951922059059143
resnet1d,ecg,3,identity,0.9210687960687961,0.4032084345817566
resnet1d,ecg,3,swap_same_label,0.9177518427518429,0.39867931604385376
resnet1d,ecg,3,swap_other_label,0.24871007371007373,0.43883293867111206
resnet1d,ecg,3,shift_0.25s,0.9100122850122849,0.37298697233200073
resnet1d,ecg,3,shift_0.5s,0.9265970515970516,0.419423371553421
resnet1d,ecg,3,shift_1s,0.913083538083538,0.3873310089111328
resnet1d,ecg,3,shift_2s,0.9149262899262899,0.3873584568500519
resnet1d,ecg,3,reverse,0.8774570024570024,0.37348371744155884
resnet1d,ecg,3,phase_scramble,0.6961916461916462,0.18635939061641693
resnet1d,ecg,3,drop_25,0.9178132678132677,0.4244888424873352
resnet1d,ecg,3,drop_50,0.8947788697788697,0.4696871340274811
resnet1d,ecg,3,noise,0.682063882063882,0.17741641402244568
resnet1d,ecg,4,identity,0.8626356589147287,0.37360700964927673
resnet1d,ecg,4,swap_same_label,0.8259844961240311,0.3458881974220276
resnet1d,ecg,4,swap_other_label,0.18772093023255815,0.4146921634674072
resnet1d,ecg,4,shift_0.25s,0.7848062015503877,0.3061462640762329
resnet1d,ecg,4,shift_0.5s,0.8068217054263566,0.3662404417991638
resnet1d,ecg,4,shift_1s,0.8040310077519379,0.31388959288597107
resnet1d,ecg,4,shift_2s,0.750077519379845,0.349659264087677
resnet1d,ecg,4,reverse,0.675968992248062,0.29777923226356506
resnet1d,ecg,4,phase_scramble,0.6128992248062015,0.17557623982429504
resnet1d,ecg,4,drop_25,0.834170542635659,0.35742616653442383
resnet1d,ecg,4,drop_50,0.7335193798449613,0.3330431878566742
resnet1d,ecg,4,noise,0.4869457364341085,0.1995639204978943
tcn,ppg,0,identity,0.9106060606060606,0.4689195454120636
tcn,ppg,0,swap_same_label,0.9148484848484848,0.4257482886314392
tcn,ppg,0,swap_other_label,0.7431515151515151,0.4377462863922119
tcn,ppg,0,shift_0.25s,0.88,0.42484143376350403
tcn,ppg,0,shift_0.5s,0.8845454545454546,0.42336276173591614
tcn,ppg,0,shift_1s,0.85,0.42874935269355774
tcn,ppg,0,shift_2s,0.8766666666666666,0.4099472165107727
tcn,ppg,0,reverse,0.8881818181818182,0.3483126759529114
tcn,ppg,0,phase_scramble,0.8429696969696969,0.3616829514503479
tcn,ppg,0,drop_25,0.9111515151515152,0.5110244750976562
tcn,ppg,0,drop_50,0.9083030303030304,0.5685380101203918
tcn,ppg,0,noise,0.8139393939393939,0.22148814797401428
tcn,ppg,1,identity,0.914656771799629,0.48119398951530457
tcn,ppg,1,swap_same_label,0.8876314162028448,0.47534799575805664
tcn,ppg,1,swap_other_label,0.6866419294990724,0.4778475761413574
tcn,ppg,1,shift_0.25s,0.862708719851577,0.4668221175670624
tcn,ppg,1,shift_0.5s,0.8766233766233766,0.4791746437549591
tcn,ppg,1,shift_1s,0.870439084724799,0.46546173095703125
tcn,ppg,1,shift_2s,0.9072356215213359,0.47414982318878174
tcn,ppg,1,reverse,0.8865182436611009,0.4736498296260834
tcn,ppg,1,phase_scramble,0.853308596165739,0.4594361186027527
tcn,ppg,1,drop_25,0.906617192331478,0.5445052981376648
tcn,ppg,1,drop_50,0.8948670377241805,0.6259958744049072
tcn,ppg,1,noise,0.832591218305504,0.19278289377689362
tcn,ppg,2,identity,0.8535294117647059,0.4057067930698395
tcn,ppg,2,swap_same_label,0.8377058823529412,0.3882979154586792
tcn,ppg,2,swap_other_label,0.6514117647058824,0.39385396242141724
tcn,ppg,2,shift_0.25s,0.8085294117647059,0.3959242105484009
tcn,ppg,2,shift_0.5s,0.8291176470588235,0.3886313736438751
tcn,ppg,2,shift_1s,0.8179411764705883,0.3945637047290802
tcn,ppg,2,shift_2s,0.8167647058823528,0.3941022455692291
tcn,ppg,2,reverse,0.8061764705882353,0.3916260004043579
tcn,ppg,2,phase_scramble,0.8084117647058824,0.3641258776187897
tcn,ppg,2,drop_25,0.8381176470588235,0.4767150282859802
tcn,ppg,2,drop_50,0.8017058823529413,0.5803665518760681
tcn,ppg,2,noise,0.7952941176470587,0.2371075600385666
tcn,ppg,3,identity,0.8891277641277641,0.42072033882141113
tcn,ppg,3,swap_same_label,0.8897420147420148,0.4086243510246277
tcn,ppg,3,swap_other_label,0.6443488943488943,0.42782869935035706
tcn,ppg,3,shift_0.25s,0.8587223587223586,0.4132385849952698
tcn,ppg,3,shift_0.5s,0.8335380835380836,0.41359877586364746
tcn,ppg,3,shift_1s,0.8611793611793611,0.3972650170326233
tcn,ppg,3,shift_2s,0.8277027027027027,0.4229837954044342
tcn,ppg,3,reverse,0.855958230958231,0.3602583706378937
tcn,ppg,3,phase_scramble,0.8315110565110565,0.3684840500354767
tcn,ppg,3,drop_25,0.8729115479115478,0.4999920427799225
tcn,ppg,3,drop_50,0.836977886977887,0.5894693732261658
tcn,ppg,3,noise,0.7624692874692875,0.5390251874923706
tcn,ppg,4,identity,0.8561240310077519,0.5349729657173157
tcn,ppg,4,swap_same_label,0.7762480620155039,0.5088558197021484
tcn,ppg,4,swap_other_label,0.7172713178294574,0.5135892629623413
tcn,ppg,4,shift_0.25s,0.7203100775193799,0.519287645816803
tcn,ppg,4,shift_0.5s,0.7736434108527132,0.507565438747406
tcn,ppg,4,shift_1s,0.7913178294573644,0.5097802877426147
tcn,ppg,4,shift_2s,0.7606201550387597,0.5078043341636658
tcn,ppg,4,reverse,0.7026356589147287,0.4812234044075012
tcn,ppg,4,phase_scramble,0.7995038759689923,0.4796827733516693
tcn,ppg,4,drop_25,0.8928992248062017,0.6268080472946167
tcn,ppg,4,drop_50,0.9143565891472868,0.7454452514648438
tcn,ppg,4,noise,0.8493023255813952,0.5393015146255493
tcn,ecg,0,identity,0.9106060606060606,0.4689195454120636
tcn,ecg,0,swap_same_label,0.9156363636363636,0.43679699301719666
tcn,ecg,0,swap_other_label,0.2536969696969697,0.5083872079849243
tcn,ecg,0,shift_0.25s,0.8951515151515151,0.38159939646720886
tcn,ecg,0,shift_0.5s,0.8693939393939395,0.44704654812812805
tcn,ecg,0,shift_1s,0.8684848484848485,0.3671264350414276
tcn,ecg,0,shift_2s,0.8996969696969698,0.4035768210887909
tcn,ecg,0,reverse,0.8727272727272727,0.39951831102371216
tcn,ecg,0,phase_scramble,0.813212121212121,0.2620711326599121
tcn,ecg,0,drop_25,0.9162424242424242,0.453122615814209
tcn,ecg,0,drop_50,0.9046060606060606,0.41372671723365784
tcn,ecg,0,noise,0.4581212121212121,0.3103477358818054
tcn,ecg,1,identity,0.914656771799629,0.48119398951530457
tcn,ecg,1,swap_same_label,0.9007421150278294,0.47163137793540955
tcn,ecg,1,swap_other_label,0.29134199134199135,0.5024594068527222
tcn,ecg,1,shift_0.25s,0.849721706864564,0.46281394362449646
tcn,ecg,1,shift_0.5s,0.8410636982065554,0.48404812812805176
tcn,ecg,1,shift_1s,0.8664192949907236,0.45890486240386963
tcn,ecg,1,shift_2s,0.9106369820655535,0.465196430683136
tcn,ecg,1,reverse,0.8586889301175015,0.4434986412525177
tcn,ecg,1,phase_scramble,0.6451453308596167,0.3178616464138031
tcn,ecg,1,drop_25,0.9137291280148421,0.5161722302436829
tcn,ecg,1,drop_50,0.8897340754483611,0.5624530911445618
tcn,ecg,1,noise,0.7128633271490414,0.22063779830932617
tcn,ecg,2,identity,0.8535294117647059,0.4057067930698395
tcn,ecg,2,swap_same_label,0.8245882352941176,0.3866231441497803
tcn,ecg,2,swap_other_label,0.3235294117647059,0.4037042260169983
tcn,ecg,2,shift_0.25s,0.8176470588235294,0.36358627676963806
tcn,ecg,2,shift_0.5s,0.8179411764705882,0.41086533665657043
tcn,ecg,2,shift_1s,0.8102941176470588,0.3632297217845917
tcn,ecg,2,shift_2s,0.8179411764705882,0.38180992007255554
tcn,ecg,2,reverse,0.7194117647058824,0.3444112241268158
tcn,ecg,2,phase_scramble,0.6968235294117647,0.20930254459381104
tcn,ecg,2,drop_25,0.8509999999999998,0.42876797914505005
tcn,ecg,2,drop_50,0.8279411764705882,0.4662719666957855
tcn,ecg,2,noise,0.6611176470588236,0.13670019805431366
tcn,ecg,3,identity,0.8891277641277641,0.42072033882141113
tcn,ecg,3,swap_same_label,0.8638206388206389,0.4050601124763489
tcn,ecg,3,swap_other_label,0.3912162162162163,0.44364985823631287
tcn,ecg,3,shift_0.25s,0.8774570024570025,0.40832439064979553
tcn,ecg,3,shift_0.5s,0.8363022113022114,0.43753039836883545
tcn,ecg,3,shift_1s,0.8295454545454545,0.4020780026912689
tcn,ecg,3,shift_2s,0.8550368550368551,0.42815300822257996
tcn,ecg,3,reverse,0.855958230958231,0.39759835600852966
tcn,ecg,3,phase_scramble,0.7982186732186733,0.3177799582481384
tcn,ecg,3,drop_25,0.8871621621621623,0.4307287335395813
tcn,ecg,3,drop_50,0.879914004914005,0.4476388990879059
tcn,ecg,3,noise,0.6926904176904177,0.17308452725410461
tcn,ecg,4,identity,0.8561240310077519,0.5349729657173157
tcn,ecg,4,swap_same_label,0.777860465116279,0.5209258198738098
tcn,ecg,4,swap_other_label,0.26908527131782944,0.5502666234970093
tcn,ecg,4,shift_0.25s,0.7435658914728682,0.4815818965435028
tcn,ecg,4,shift_0.5s,0.7885271317829458,0.5413558483123779
tcn,ecg,4,shift_1s,0.7665116279069767,0.4879745543003082
tcn,ecg,4,shift_2s,0.7351937984496124,0.5240720510482788
tcn,ecg,4,reverse,0.6666666666666667,0.5201739072799683
tcn,ecg,4,phase_scramble,0.6725581395348836,0.43798866868019104
tcn,ecg,4,drop_25,0.8147596899224807,0.5457322597503662
tcn,ecg,4,drop_50,0.7495193798449612,0.5589278340339661
tcn,ecg,4,noise,0.5748217054263567,0.43765491247177124
