variant,perturbed,identity,swap_same_label,swap_other_label,shift_0.25s,shift_0.5s,shift_1s,shift_2s,reverse,phase_scramble,drop_25,drop_50,noise
bigru,ecg,0.839,0.817,0.411,0.827,0.8,0.817,0.823,0.77,0.615,0.835,0.815,0.618
bigru,ppg,0.839,0.824,0.59,0.796,0.811,0.813,0.817,0.781,0.782,0.827,0.805,0.716
concat,ecg,0.836,0.822,0.399,0.837,0.837,0.836,0.837,0.75,0.638,0.83,0.811,0.704
concat,ppg,0.836,0.821,0.597,0.835,0.835,0.836,0.835,0.803,0.781,0.814,0.796,0.766
cross_attention,ecg,0.842,0.848,0.47,0.843,0.843,0.844,0.843,0.793,0.685,0.834,0.803,0.711
cross_attention,ppg,0.842,0.84,0.535,0.843,0.842,0.843,0.838,0.788,0.776,0.792,0.766,0.632
ecg_only,ecg,0.774,0.772,0.226,0.775,0.776,0.774,0.774,0.629,0.57,0.767,0.747,0.508
gated_cross_attention,ecg,0.845,0.836,0.456,0.846,0.842,0.842,0.84,0.8,0.641,0.84,0.799,0.679
gated_cross_attention,ppg,0.845,0.837,0.546,0.843,0.843,0.842,0.83,0.793,0.778,0.793,0.757,0.699
inceptiontime,ecg,0.882,0.867,0.364,0.869,0.859,0.87,0.865,0.829,0.757,0.869,0.838,0.7
inceptiontime,ppg,0.882,0.869,0.624,0.846,0.857,0.867,0.851,0.849,0.857,0.883,0.875,0.801
joint_transformer,ecg,0.85,0.846,0.474,0.85,0.849,0.848,0.85,0.779,0.663,0.845,0.833,0.717
joint_transformer,ppg,0.85,0.841,0.522,0.851,0.848,0.849,0.843,0.816,0.782,0.836,0.809,0.774
ppg_only,ppg,0.709,0.711,0.298,0.708,0.706,0.707,0.707,0.66,0.579,0.689,0.667,0.505
resnet1d,ecg,0.897,0.884,0.203,0.866,0.869,0.874,0.866,0.803,0.575,0.886,0.846,0.613
resnet1d,ppg,0.897,0.876,0.795,0.856,0.873,0.876,0.877,0.864,0.852,0.895,0.884,0.829
tcn,ecg,0.885,0.857,0.306,0.837,0.831,0.828,0.844,0.795,0.725,0.877,0.85,0.62
tcn,ppg,0.885,0.861,0.689,0.826,0.839,0.838,0.838,0.828,0.827,0.884,0.871,0.811
