subset,n_modalities,auc,auc_ci_low,auc_ci_high,f1@0.5,sensitivity,specificity,n_windows
ecg,1,0.7329692440356423,0.6325015630761338,0.8113309165336848,0.5739130434782609,0.673469387755102,0.7676056338028169,191
ecg2,1,0.7243460764587525,0.6293786789788504,0.8115555717477897,0.5128205128205128,0.6122448979591837,0.7323943661971831,191
ppg,1,0.7185972980741593,0.6398366619375022,0.7898327638438777,0.45614035087719296,0.5306122448979592,0.7253521126760564,191
abp,1,0.7003449267030756,0.631229631036812,0.781626516948159,0.496551724137931,0.7346938775510204,0.5774647887323944,191
ecg+abp,2,0.8032480597872953,0.7176713698455862,0.8685528074866309,0.6165413533834586,0.8367346938775511,0.6971830985915493,191
ecg+ppg,2,0.8019545846507616,0.728749386854153,0.8699738257896904,0.5961538461538461,0.6326530612244898,0.8309859154929577,191
ecg2+ppg,2,0.7904570278815751,0.711847808272245,0.8566205929487178,0.5769230769230769,0.6122448979591837,0.823943661971831,191
ecg2+abp,2,0.7631503305547571,0.6780065054697858,0.8394264332124044,0.5555555555555556,0.7142857142857143,0.704225352112676,191
ecg+ecg2,2,0.7556769186547859,0.6696519029446315,0.8437719228506629,0.5961538461538461,0.6326530612244898,0.8309859154929577,191
ppg+abp,2,0.6802242023569991,0.6095770506882165,0.7497843828534968,0.3584905660377358,0.3877551020408163,0.7323943661971831,191
ecg+ecg2+ppg,3,0.8262431733256683,0.7566435885830669,0.8925803327877796,0.594059405940594,0.6122448979591837,0.8450704225352113,191
ecg+ecg2+abp,3,0.8128772635814889,0.7247936602322828,0.8848232243871778,0.625,0.7142857142857143,0.8028169014084507,191
ecg+ppg+abp,3,0.7861454440931301,0.7032484649435957,0.856136161038436,0.5555555555555556,0.6122448979591837,0.795774647887324,191
ecg2+ppg+abp,3,0.7834147743604484,0.7139586288416077,0.8512287234042553,0.54,0.5510204081632653,0.8309859154929577,191
ecg+ecg2+ppg+abp,4,0.821356711698764,0.7492699607642986,0.8900565668638206,0.5961538461538461,0.6326530612244898,0.8309859154929577,191
