idx,fold,label,attn_lag_s,ptt_med_s,n_beats_ptt,mass_in_phys_range,mass_if_uniform
0,0,0,0.064,0.442,14,0.05724423553328961,0.05575074115768075
2,0,0,0.512,0.508,15,0.05905977275688201,0.05575074115768075
8,0,1,0.512,0.236,13,0.05992724793031812,0.05575074115768075
11,0,0,0.544,0.392,19,0.06733153341338038,0.05575074115768075
12,0,1,0.96,0.264,21,0.054584908531978726,0.05575074115768075
27,0,1,0.5760000000000001,0.114,14,0.06047974666580558,0.05575074115768075
30,0,0,0.8320000000000001,0.34199999999999997,10,0.06637523975223303,0.05575074115768075
31,0,0,0.28800000000000003,,0,0.059492212370969355,0.05575074115768075
36,0,1,0.0,0.226,8,0.041269625537097454,0.05575074115768075
39,0,0,0.16,0.292,7,0.051107858307659626,0.05575074115768075
41,0,0,0.384,0.22599999999999998,2,0.04534831480123103,0.05575074115768075
42,0,1,0.672,0.24,18,0.045107717043720186,0.05575074115768075
43,0,1,0.672,0.196,17,0.04919014708139002,0.05575074115768075
47,0,0,0.16,0.5,18,0.05365459667518735,0.05575074115768075
48,0,1,0.768,0.412,15,0.05675534252077341,0.05575074115768075
50,0,1,0.96,0.488,13,0.05964231980033219,0.05575074115768075
56,0,0,0.64,0.3,12,0.0467550924513489,0.05575074115768075
67,0,1,0.32,0.316,23,0.05085153109394014,0.05575074115768075
74,0,1,0.064,0.328,1,0.056239262688905,0.05575074115768075
76,0,0,0.0,0.15999999999999998,4,0.04616137710399926,0.05575074115768075
80,0,0,0.128,0.372,6,0.060748971765860915,0.05575074115768075
85,0,1,0.192,0.516,22,0.0629568190779537,0.05575074115768075
96,0,0,0.16,0.112,21,0.05780696589499712,0.05575074115768075
102,0,0,0.224,0.246,8,0.05843639187514782,0.05575074115768075
106,0,1,0.928,0.28400000000000003,2,0.05966483219526708,0.05575074115768075
107,0,1,0.384,0.362,14,0.04725916951429099,0.05575074115768075
111,0,0,0.736,0.4,15,0.03897965606302023,0.05575074115768075
118,0,0,0.48,0.288,3,0.06322693545371294,0.05575074115768075
119,0,0,0.5760000000000001,0.372,9,0.0640420988202095,0.05575074115768075
122,0,1,0.128,0.252,22,0.0602185835596174,0.05575074115768075
126,0,0,0.64,0.458,6,0.051756186643615365,0.05575074115768075
138,0,1,0.224,0.476,17,0.04692190466448665,0.05575074115768075
143,0,0,0.032,0.292,3,0.030714252730831504,0.05575074115768075
144,0,0,0.864,0.456,9,0.04429755569435656,0.05575074115768075
145,0,0,0.384,0.408,15,0.04902160773053765,0.05575074115768075
159,0,0,0.096,0.41400000000000003,14,0.05731221823953092,0.05575074115768075
161,0,0,0.512,0.416,9,0.054541552904993296,0.05575074115768075
164,0,0,0.64,0.252,15,0.052202296210452914,0.05575074115768075
169,0,0,0.512,0.54,17,0.052296875743195415,0.05575074115768075
171,0,0,0.41600000000000004,0.224,21,0.05741092283278704,0.05575074115768075
177,0,0,0.032,0.528,15,0.05231340485624969,0.05575074115768075
193,0,0,0.512,0.376,13,0.051682414137758315,0.05575074115768075
194,0,0,0.896,0.35,2,0.046240059891715646,0.05575074115768075
195,0,0,0.32,0.212,1,0.05823312955908477,0.05575074115768075
200,0,0,0.128,0.24,3,0.05372642120346427,0.05575074115768075
204,0,1,0.896,0.412,19,0.047345147002488375,0.05575074115768075
208,0,1,0.192,0.132,22,0.061333726393058896,0.05575074115768075
212,0,0,0.32,0.224,20,0.04307335440535098,0.05575074115768075
216,0,1,0.32,0.276,13,0.05248297774232924,0.05575074115768075
218,0,0,0.672,0.37,10,0.047991381492465734,0.05575074115768075
222,0,0,0.8320000000000001,0.284,1,0.05163902719505131,0.05575074115768075
225,0,1,0.0,0.212,9,0.05349571001715958,0.05575074115768075
228,0,0,0.512,0.52,11,0.05447745695710182,0.05575074115768075
229,0,0,0.0,0.384,12,0.05386125924997032,0.05575074115768075
231,0,0,0.32,0.268,15,0.05133229703642428,0.05575074115768075
238,0,1,0.672,0.5,3,0.05297051591333002,0.05575074115768075
243,0,1,0.128,0.348,22,0.06390184792689979,0.05575074115768075
255,0,0,0.032,0.316,22,0.034594624768942595,0.05575074115768075
256,0,0,0.8320000000000001,0.184,30,0.04298972710967064,0.05575074115768075
258,0,1,0.192,0.348,19,0.05345962813589722,0.05575074115768075
260,0,0,0.864,0.552,9,0.042946877307258546,0.05575074115768075
265,0,0,0.704,,0,0.058037769282236695,0.05575074115768075
269,0,0,0.0,0.488,5,0.04992464813403785,0.05575074115768075
281,0,1,0.0,0.288,4,0.03033367928583175,0.05575074115768075
287,0,0,0.5760000000000001,0.172,10,0.04425956809427589,0.05575074115768075
293,0,0,0.5760000000000001,0.352,11,0.05075831268914044,0.05575074115768075
315,0,0,0.256,0.172,6,0.07682016887702048,0.05575074115768075
323,0,0,0.8,0.44,3,0.0543974619358778,0.05575074115768075
325,0,0,0.512,0.29,10,0.04943833709694445,0.05575074115768075
328,0,0,0.768,0.344,12,0.055070932721719146,0.05575074115768075
334,0,0,0.512,0.324,13,0.049940148601308465,0.05575074115768075
335,0,0,0.64,,0,0.05035883141681552,0.05575074115768075
340,0,1,0.352,,0,0.05548641690984368,0.05575074115768075
344,0,1,0.032,0.4,4,0.04006162192672491,0.05575074115768075
349,0,0,0.032,0.526,8,0.044935502111911774,0.05575074115768075
368,0,0,0.96,0.524,13,0.058692489517852664,0.05575074115768075
377,0,1,0.0,0.504,5,0.04811424226500094,0.05575074115768075
379,0,1,0.032,0.356,10,0.07005891832523048,0.05575074115768075
383,0,0,0.28800000000000003,0.32,9,0.060394818196073174,0.05575074115768075
389,0,0,0.32,0.336,13,0.05290020280517638,0.05575074115768075
391,0,1,0.032,0.364,1,0.046703836880624294,0.05575074115768075
410,0,1,0.352,0.29200000000000004,2,0.06049463618546724,0.05575074115768075
411,0,0,0.448,0.512,2,0.044790073530748487,0.05575074115768075
417,0,1,0.5760000000000001,0.492,19,0.06504996353760362,0.05575074115768075
418,0,1,0.28800000000000003,0.46599999999999997,10,0.04932946711778641,0.05575074115768075
429,0,1,0.608,0.318,12,0.0732707146089524,0.05575074115768075
434,0,0,0.192,0.402,8,0.05919817159883678,0.05575074115768075
440,0,0,0.512,0.498,10,0.05628727935254574,0.05575074115768075
442,0,1,0.128,0.438,14,0.05018438189290464,0.05575074115768075
455,0,1,0.224,0.512,6,0.051129382802173495,0.05575074115768075
459,0,0,0.8,0.284,1,0.04454970429651439,0.05575074115768075
468,0,0,0.5760000000000001,0.412,13,0.04850249388255179,0.05575074115768075
481,0,1,0.16,0.548,8,0.06981091457419097,0.05575074115768075
484,0,0,0.0,0.41600000000000004,2,0.0461140105035156,0.05575074115768075
485,0,1,0.544,0.166,14,0.058029563864693046,0.05575074115768075
496,0,0,0.704,0.128,14,0.05646855116356164,0.05575074115768075
497,0,0,0.28800000000000003,0.256,15,0.05634209583513439,0.05575074115768075
502,0,1,0.64,0.452,5,0.052501338766887784,0.05575074115768075
503,0,1,0.768,0.266,14,0.04326539172325283,0.05575074115768075
510,0,0,0.256,,0,0.056380329420790076,0.05575074115768075
512,0,0,0.0,0.452,7,0.0414144080132246,0.05575074115768075
515,0,0,0.0,0.37,12,0.03751180658582598,0.05575074115768075
517,0,1,0.32,,0,0.05571843381039798,0.05575074115768075
520,0,1,0.8320000000000001,0.464,17,0.06843399326317012,0.05575074115768075
539,0,0,0.16,0.38,3,0.06127264560200274,0.05575074115768075
542,0,0,0.64,,0,0.05881444993428886,0.05575074115768075
544,0,0,0.352,0.16,10,0.05684478580951691,0.05575074115768075
545,0,0,0.448,0.318,14,0.061345000518485904,0.05575074115768075
550,0,1,0.16,0.164,18,0.0643596788868308,0.05575074115768075
552,0,0,0.992,0.32599999999999996,12,0.04247639165259898,0.05575074115768075
553,0,1,0.608,0.506,6,0.05800626939162612,0.05575074115768075
554,0,1,0.0,,0,0.05247018928639591,0.05575074115768075
556,0,0,0.48,0.324,10,0.044151437119580805,0.05575074115768075
561,0,0,0.992,0.416,13,0.06232817843556404,0.05575074115768075
565,0,0,0.704,0.508,8,0.04971701465547085,0.05575074115768075
572,0,0,0.704,0.262,12,0.04122519970405847,0.05575074115768075
574,0,1,0.224,0.236,15,0.05416754703037441,0.05575074115768075
576,0,0,0.8,0.576,1,0.05280744028277695,0.05575074115768075
590,0,0,0.448,0.404,19,0.057182674296200275,0.05575074115768075
4,1,0,0.0,0.316,4,0.048235568683594465,0.05575074115768075
9,1,0,0.48,0.392,14,0.051419712603092194,0.05575074115768075
14,1,1,0.256,0.152,15,0.05884222418535501,0.05575074115768075
19,1,0,0.64,0.28,16,0.04476488218642771,0.05575074115768075
20,1,1,0.352,0.148,3,0.05773339560255408,0.05575074115768075
28,1,0,0.64,0.432,5,0.044939319835975766,0.05575074115768075
40,1,0,0.096,0.324,9,0.05236874322872609,0.05575074115768075
61,1,0,0.032,0.488,15,0.05594182142522186,0.05575074115768075
73,1,0,0.352,0.41,4,0.058500076876953244,0.05575074115768075
81,1,1,0.512,0.352,20,0.05538191262166947,0.05575074115768075
84,1,1,0.544,0.48,15,0.04906119254883379,0.05575074115768075
86,1,0,0.16,0.392,9,0.04476456041447818,0.05575074115768075
89,1,0,0.544,0.406,14,0.052376228384673595,0.05575074115768075
90,1,0,0.64,0.28200000000000003,10,0.05602886783890426,0.05575074115768075
95,1,0,0.544,0.32,5,0.06866808841004968,0.05575074115768075
112,1,0,0.48,0.348,11,0.06343559408560395,0.05575074115768075
113,1,1,0.64,0.46,6,0.047206509741954505,0.05575074115768075
123,1,0,0.736,0.494,14,0.04700899310410023,0.05575074115768075
134,1,0,0.512,0.516,13,0.060226219706237316,0.05575074115768075
137,1,1,0.448,0.228,13,0.051399333169683814,0.05575074115768075
142,1,0,0.736,0.256,5,0.053711034590378404,0.05575074115768075
149,1,0,0.768,0.18,3,0.05305238114669919,0.05575074115768075
155,1,0,0.32,0.55,16,0.050118295825086534,0.05575074115768075
156,1,0,0.704,0.552,16,0.05432001187000424,0.05575074115768075
160,1,0,0.16,0.416,12,0.04892189777456224,0.05575074115768075
165,1,0,0.704,0.29400000000000004,8,0.046383344451896846,0.05575074115768075
173,1,0,0.0,0.128,1,0.04162893840111792,0.05575074115768075
178,1,0,0.128,0.556,17,0.0552067740354687,0.05575074115768075
180,1,1,0.8320000000000001,0.392,7,0.04555142135359347,0.05575074115768075
187,1,0,0.992,0.312,13,0.052879788214340806,0.05575074115768075
190,1,0,0.28800000000000003,,0,0.05681066308170557,0.05575074115768075
191,1,0,0.352,0.09,8,0.0529294244479388,0.05575074115768075
198,1,0,0.64,0.156,20,0.05791812855750322,0.05575074115768075
202,1,0,0.064,0.328,3,0.05839536897838116,0.05575074115768075
203,1,1,0.48,0.436,22,0.05878747976385057,0.05575074115768075
211,1,0,0.064,0.34,11,0.052566319005563855,0.05575074115768075
214,1,1,0.32,0.28,21,0.05011711362749338,0.05575074115768075
217,1,0,0.0,0.348,14,0.059220612747594714,0.05575074115768075
219,1,0,0.0,0.5,3,0.04648565873503685,0.05575074115768075
237,1,1,0.224,0.336,17,0.04486609052401036,0.05575074115768075
244,1,1,0.896,0.32,24,0.050757431192323565,0.05575074115768075
248,1,0,0.96,0.304,11,0.050774522591382265,0.05575074115768075
257,1,1,0.704,0.428,3,0.05298924422822893,0.05575074115768075
262,1,0,0.41600000000000004,0.284,2,0.059810777893289924,0.05575074115768075
266,1,0,0.032,0.324,9,0.05362370400689542,0.05575074115768075
273,1,0,0.128,0.108,20,0.04224214272107929,0.05575074115768075
278,1,0,0.352,0.296,12,0.051839414169080555,0.05575074115768075
282,1,1,0.672,0.296,25,0.051736549474298954,0.05575074115768075
290,1,0,0.16,0.116,11,0.0582624280359596,0.05575074115768075
294,1,1,0.128,0.14,23,0.05612130812369287,0.05575074115768075
302,1,0,0.128,0.488,14,0.06015036394819617,0.05575074115768075
304,1,1,0.064,0.498,14,0.040872800862416625,0.05575074115768075
306,1,0,0.096,0.484,19,0.03967861062847078,0.05575074115768075
309,1,1,0.96,0.436,14,0.046791695174761117,0.05575074115768075
311,1,0,0.032,0.512,15,0.04444556392263621,0.05575074115768075
312,1,0,0.896,0.08,1,0.04668728355318308,0.05575074115768075
316,1,0,0.928,0.384,1,0.0479522286914289,0.05575074115768075
319,1,0,0.64,0.434,4,0.0519820093177259,0.05575074115768075
320,1,0,0.192,0.42,7,0.06340333190746605,0.05575074115768075
321,1,1,0.704,0.52,7,0.049613154493272305,0.05575074115768075
329,1,0,0.448,0.264,11,0.05241096671670675,0.05575074115768075
330,1,1,0.5760000000000001,0.412,11,0.060894680907949805,0.05575074115768075
337,1,0,0.544,0.47,16,0.05451175384223461,0.05575074115768075
346,1,0,0.384,0.152,12,0.053173987194895744,0.05575074115768075
354,1,1,0.608,0.512,7,0.05563885439187288,0.05575074115768075
361,1,1,0.096,0.41600000000000004,12,0.04473687522113323,0.05575074115768075
375,1,1,0.48,0.544,5,0.05147274280898273,0.05575074115768075
380,1,1,0.512,0.13,22,0.0619815441314131,0.05575074115768075
381,1,0,0.8320000000000001,0.364,6,0.053204811410978436,0.05575074115768075
385,1,0,0.28800000000000003,0.46,11,0.05648466036655009,0.05575074115768075
387,1,1,0.192,0.29,2,0.04726935178041458,0.05575074115768075
392,1,0,0.48,0.09,22,0.06172498478554189,0.05575074115768075
393,1,0,0.0,0.22799999999999998,4,0.05456321267411113,0.05575074115768075
398,1,1,0.128,0.452,24,0.06025405088439584,0.05575074115768075
399,1,0,0.928,0.392,13,0.06865052878856659,0.05575074115768075
404,1,0,0.0,0.202,12,0.05374262621626258,0.05575074115768075
406,1,0,0.672,0.312,1,0.06521959905512631,0.05575074115768075
419,1,0,0.384,0.384,7,0.06367665226571262,0.05575074115768075
425,1,0,0.064,0.274,10,0.05117311212234199,0.05575074115768075
438,1,0,0.544,0.428,15,0.052085916977375746,0.05575074115768075
439,1,0,0.768,0.356,1,0.053889783564954996,0.05575074115768075
441,1,0,0.16,0.452,14,0.07031438522972167,0.05575074115768075
445,1,0,0.736,0.334,4,0.0534246489405632,0.05575074115768075
446,1,1,0.5760000000000001,0.478,12,0.04987333249300718,0.05575074115768075
448,1,0,0.16,0.488,11,0.061036935774609447,0.05575074115768075
450,1,0,0.896,0.44200000000000006,2,0.05698692752048373,0.05575074115768075
456,1,1,0.0,0.42,21,0.051481218775734305,0.05575074115768075
461,1,0,0.384,0.256,11,0.05237044161185622,0.05575074115768075
464,1,1,0.128,0.406,24,0.04856697842478752,0.05575074115768075
465,1,1,0.16,0.152,21,0.057862152345478535,0.05575074115768075
467,1,0,0.32,0.284,1,0.052490615751594305,0.05575074115768075
470,1,0,0.352,0.116,9,0.04755169665440917,0.05575074115768075
472,1,0,0.384,0.214,2,0.05940431635826826,0.05575074115768075
475,1,1,0.512,0.444,21,0.05622757994569838,0.05575074115768075
492,1,0,0.064,0.482,16,0.05847792304120958,0.05575074115768075
493,1,1,0.448,0.496,13,0.05757514759898186,0.05575074115768075
494,1,1,0.0,0.166,20,0.04011682095006108,0.05575074115768075
495,1,1,0.864,0.308,9,0.049820460844784975,0.05575074115768075
506,1,1,0.41600000000000004,0.352,7,0.05136761115863919,0.05575074115768075
509,1,1,0.48,0.416,21,0.04769528494216502,0.05575074115768075
514,1,1,0.992,0.324,8,0.05855463957414031,0.05575074115768075
516,1,1,0.224,0.494,22,0.054911515675485134,0.05575074115768075
521,1,0,0.96,0.368,6,0.06498709530569613,0.05575074115768075
522,1,1,0.992,0.41000000000000003,20,0.05258837132714689,0.05575074115768075
523,1,0,0.544,0.41,6,0.0573275382630527,0.05575074115768075
524,1,1,0.8320000000000001,0.456,14,0.05285293748602271,0.05575074115768075
529,1,0,0.48,0.284,5,0.05946798948571086,0.05575074115768075
547,1,1,0.224,0.492,22,0.05538941500708461,0.05575074115768075
551,1,0,0.928,0.362,10,0.05115253175608814,0.05575074115768075
555,1,0,0.032,0.424,9,0.04532117326743901,0.05575074115768075
557,1,1,0.992,0.216,22,0.047406843048520386,0.05575074115768075
562,1,1,0.032,0.464,12,0.04080060217529535,0.05575074115768075
564,1,0,0.384,0.18,11,0.058813022915273905,0.05575074115768075
573,1,1,0.0,0.516,6,0.04739104467444122,0.05575074115768075
577,1,0,0.96,0.23399999999999999,4,0.04390256595797837,0.05575074115768075
582,1,0,0.096,0.268,11,0.05082489235792309,0.05575074115768075
583,1,0,0.032,0.372,10,0.051520092878490686,0.05575074115768075
584,1,0,0.0,0.5,3,0.05225465400144458,0.05575074115768075
589,1,0,0.448,0.304,9,0.06921422318555415,0.05575074115768075
1,2,0,0.256,0.538,16,0.050605110998731107,0.05575074115768075
3,2,0,0.224,0.21600000000000003,4,0.033170805661939085,0.05575074115768075
7,2,1,0.448,0.228,24,0.05674397386610508,0.05575074115768075
13,2,0,0.672,0.40800000000000003,6,0.04623785731382668,0.05575074115768075
18,2,0,0.64,0.3,16,0.04476172674912959,0.05575074115768075
21,2,1,0.096,0.11599999999999999,2,0.04365818912629038,0.05575074115768075
22,2,1,0.864,0.132,1,0.0405870215035975,0.05575074115768075
23,2,0,0.544,0.42,1,0.0421760284807533,0.05575074115768075
32,2,0,0.0,0.42600000000000005,2,0.035366305615752935,0.05575074115768075
37,2,0,0.224,0.316,13,0.038959679019171745,0.05575074115768075
38,2,0,0.096,0.352,3,0.04976143629755825,0.05575074115768075
45,2,0,0.096,0.432,15,0.045401733135804534,0.05575074115768075
51,2,1,0.128,0.492,15,0.05193830910138786,0.05575074115768075
53,2,1,0.928,0.336,4,0.06874888041056693,0.05575074115768075
54,2,0,0.736,0.332,18,0.05178084841463715,0.05575074115768075
57,2,0,0.768,0.336,11,0.04614438314456493,0.05575074115768075
64,2,1,0.0,0.344,3,0.01813551055965945,0.05575074115768075
65,2,1,0.736,0.364,27,0.04783198318909854,0.05575074115768075
69,2,0,0.672,0.472,16,0.05479152477346361,0.05575074115768075
71,2,0,0.864,0.236,1,0.04079856094904244,0.05575074115768075
82,2,1,0.608,0.472,16,0.062029743334278464,0.05575074115768075
83,2,1,0.096,0.464,21,0.06299167522229254,0.05575074115768075
88,2,0,0.736,0.188,1,0.02167049254057929,0.05575074115768075
93,2,0,0.352,0.336,7,0.04840692924335599,0.05575074115768075
99,2,1,0.096,0.472,19,0.055903203785419464,0.05575074115768075
100,2,1,0.096,0.45,20,0.04982331825885922,0.05575074115768075
103,2,0,0.032,0.118,20,0.05704540200531483,0.05575074115768075
105,2,0,0.16,0.324,6,0.052739089471288025,0.05575074115768075
109,2,0,0.864,0.274,4,0.03430568560725078,0.05575074115768075
116,2,0,0.0,0.404,8,0.027794268156867474,0.05575074115768075
131,2,0,0.448,0.288,10,0.05361023033037782,0.05575074115768075
133,2,1,0.352,0.406,18,0.05414787051267922,0.05575074115768075
146,2,1,0.0,0.372,13,0.0533577895257622,0.05575074115768075
157,2,1,0.192,0.578,10,0.05305628478527069,0.05575074115768075
158,2,0,0.448,0.372,13,0.04541713045910001,0.05575074115768075
163,2,0,0.41600000000000004,0.298,12,0.04909456125460565,0.05575074115768075
166,2,0,0.28800000000000003,0.512,3,0.06133071449585259,0.05575074115768075
176,2,1,0.032,0.468,15,0.04200108698569238,0.05575074115768075
192,2,0,0.0,0.404,14,0.04558075591921806,0.05575074115768075
196,2,0,0.41600000000000004,0.46,2,0.0528658467810601,0.05575074115768075
197,2,0,0.096,0.1,16,0.06126046145800501,0.05575074115768075
206,2,0,0.512,0.412,13,0.038152290624566376,0.05575074115768075
207,2,1,0.0,0.52,9,0.04748354619368911,0.05575074115768075
209,2,1,0.41600000000000004,0.44,21,0.04821160400751978,0.05575074115768075
213,2,0,0.064,0.236,20,0.03917308943346143,0.05575074115768075
220,2,0,0.64,0.196,21,0.04825110180536285,0.05575074115768075
221,2,0,0.736,0.084,3,0.04971407062839717,0.05575074115768075
241,2,0,0.032,0.188,24,0.04070410807617009,0.05575074115768075
245,2,0,0.512,0.416,15,0.04755525407381356,0.05575074115768075
246,2,0,0.5760000000000001,0.4,15,0.04849130322691053,0.05575074115768075
249,2,0,0.64,0.414,10,0.05999229464214295,0.05575074115768075
252,2,0,0.128,0.392,3,0.06470491993241012,0.05575074115768075
254,2,0,0.8320000000000001,0.264,24,0.056628696504049,0.05575074115768075
261,2,1,0.032,0.516,19,0.06165650498587638,0.05575074115768075
263,2,0,0.384,0.196,6,0.03744374611414969,0.05575074115768075
270,2,1,0.8320000000000001,0.172,17,0.059272307669743896,0.05575074115768075
272,2,0,0.608,0.24,3,0.04390170087572187,0.05575074115768075
275,2,0,0.384,0.46,17,0.05462855158839375,0.05575074115768075
276,2,0,0.896,0.464,22,0.03621881699655205,0.05575074115768075
298,2,0,0.096,0.164,3,0.06919105723500252,0.05575074115768075
301,2,1,0.64,0.12,21,0.05249748029746115,0.05575074115768075
314,2,0,0.32,0.192,7,0.04696788894943893,0.05575074115768075
318,2,0,0.0,0.368,7,0.03380137018393725,0.05575074115768075
331,2,1,0.544,0.374,18,0.0424036814365536,0.05575074115768075
333,2,1,0.512,0.422,16,0.06302009208593518,0.05575074115768075
339,2,1,0.672,,0,0.03651439328677952,0.05575074115768075
342,2,0,0.256,0.428,1,0.03884552698582411,0.05575074115768075
351,2,1,0.064,0.558,18,0.049339171731844544,0.05575074115768075
353,2,0,0.0,0.416,1,0.03099339292384684,0.05575074115768075
356,2,0,0.0,0.244,4,0.020909189246594906,0.05575074115768075
370,2,0,0.704,0.092,1,0.0480267038801685,0.05575074115768075
376,2,1,0.032,0.54,5,0.050263135926797986,0.05575074115768075
378,2,1,0.096,0.336,7,0.052806570660322905,0.05575074115768075
384,2,0,0.16,0.496,1,0.04758729878813028,0.05575074115768075
386,2,1,0.0,0.348,17,0.04077966196928173,0.05575074115768075
388,2,1,0.512,0.476,18,0.053642380400560796,0.05575074115768075
390,2,1,0.5760000000000001,0.162,18,0.05665828241035342,0.05575074115768075
396,2,0,0.096,0.372,2,0.03911384451203048,0.05575074115768075
397,2,1,0.16,0.44,5,0.07368297898210585,0.05575074115768075
401,2,0,0.736,0.108,2,0.050384946749545634,0.05575074115768075
402,2,1,0.28800000000000003,0.456,14,0.0443266227375716,0.05575074115768075
405,2,0,0.0,0.396,8,0.03080607869196683,0.05575074115768075
407,2,0,0.992,0.504,19,0.04365110711660236,0.05575074115768075
421,2,0,0.672,0.284,11,0.035464826971292496,0.05575074115768075
424,2,0,0.032,0.312,9,0.06342249363660812,0.05575074115768075
428,2,0,0.992,0.436,13,0.03804345510434359,0.05575074115768075
435,2,1,0.48,0.48,17,0.04837062058504671,0.05575074115768075
447,2,1,0.032,0.22999999999999998,4,0.042764167417772114,0.05575074115768075
457,2,0,0.704,0.416,10,0.041667822166346014,0.05575074115768075
458,2,0,0.448,0.336,7,0.0617692006053403,0.05575074115768075
466,2,1,0.96,0.43,16,0.05839598481543362,0.05575074115768075
471,2,0,0.672,,0,0.03957247163634747,0.05575074115768075
474,2,1,0.384,0.348,13,0.04436258052010089,0.05575074115768075
477,2,0,0.64,0.2,3,0.05057132779620588,0.05575074115768075
479,2,0,0.8,0.356,9,0.03748552198521793,0.05575074115768075
489,2,0,0.352,0.288,3,0.05260924051981419,0.05575074115768075
499,2,1,0.768,0.402,4,0.059628302813507617,0.05575074115768075
500,2,0,0.28800000000000003,0.288,3,0.04564547329209745,0.05575074115768075
508,2,0,0.0,0.276,1,0.05042924452573061,0.05575074115768075
511,2,1,0.224,0.32,11,0.050341101130470634,0.05575074115768075
513,2,1,0.384,0.446,20,0.05795906123239547,0.05575074115768075
519,2,1,0.128,0.20400000000000001,18,0.053067865781486034,0.05575074115768075
527,2,1,0.992,0.562,8,0.03649695066269487,0.05575074115768075
530,2,1,0.544,0.53,6,0.05070395197253674,0.05575074115768075
532,2,0,0.544,0.348,13,0.060210967785678804,0.05575074115768075
534,2,1,0.448,0.472,14,0.045873935567215085,0.05575074115768075
537,2,1,0.224,0.48,8,0.04309484112309292,0.05575074115768075
540,2,0,0.064,0.41800000000000004,8,0.04361406562384218,0.05575074115768075
541,2,0,0.512,0.432,17,0.04025445436127484,0.05575074115768075
546,2,1,0.096,0.48,15,0.054864713456481695,0.05575074115768075
548,2,1,0.384,0.3,13,0.0451464606449008,0.05575074115768075
549,2,0,0.32,0.52,20,0.05650449404492974,0.05575074115768075
559,2,0,0.192,0.508,13,0.05803490721154958,0.05575074115768075
568,2,1,0.064,0.544,13,0.05593566002789885,0.05575074115768075
569,2,1,0.736,0.336,15,0.04025201383046806,0.05575074115768075
575,2,1,0.064,0.5,9,0.04074281209614128,0.05575074115768075
586,2,1,0.192,0.262,4,0.0365496976301074,0.05575074115768075
587,2,1,0.064,0.332,1,0.04612323304172605,0.05575074115768075
5,3,0,0.96,0.216,3,0.059025984490290284,0.05575074115768075
10,3,1,0.064,0.32599999999999996,2,0.05603063269518316,0.05575074115768075
16,3,0,0.352,0.308,9,0.05675815255381167,0.05575074115768075
17,3,0,0.0,0.296,18,0.05802064202725887,0.05575074115768075
24,3,0,0.352,0.564,1,0.049804647685959935,0.05575074115768075
29,3,0,0.992,0.426,8,0.06237535737454891,0.05575074115768075
34,3,0,0.128,0.168,22,0.05572112579829991,0.05575074115768075
35,3,0,0.736,0.408,4,0.07157343253493309,0.05575074115768075
46,3,0,0.064,0.552,18,0.05598529917187989,0.05575074115768075
59,3,1,0.032,,0,0.0573774129152298,0.05575074115768075
62,3,0,0.032,0.442,4,0.036942497827112675,0.05575074115768075
72,3,0,0.384,0.25,10,0.06253986433148384,0.05575074115768075
77,3,1,0.16,0.378,6,0.0591394177172333,0.05575074115768075
78,3,1,0.064,0.404,10,0.05740294186398387,0.05575074115768075
91,3,1,0.032,,0,0.050714029697701335,0.05575074115768075
92,3,0,0.0,0.32,2,0.05138308252207935,0.05575074115768075
97,3,0,0.096,0.092,20,0.047338479198515415,0.05575074115768075
98,3,0,0.352,0.432,3,0.05998201435431838,0.05575074115768075
101,3,0,0.192,0.412,7,0.05466211470775306,0.05575074115768075
108,3,0,0.992,0.354,4,0.057805273216217756,0.05575074115768075
114,3,1,0.448,0.442,6,0.06376490672118962,0.05575074115768075
115,3,1,0.0,0.452,6,0.059838593704625964,0.05575074115768075
120,3,1,0.448,0.44,22,0.060131681617349386,0.05575074115768075
128,3,0,0.736,0.256,1,0.05305705429054797,0.05575074115768075
130,3,0,0.768,,0,0.04526287433691323,0.05575074115768075
135,3,1,0.28800000000000003,0.304,19,0.0570897264406085,0.05575074115768075
136,3,1,0.192,0.312,20,0.06103247473947704,0.05575074115768075
139,3,1,0.8,0.156,19,0.05403914232738316,0.05575074115768075
148,3,1,0.448,0.496,4,0.058182925218716264,0.05575074115768075
151,3,1,0.992,0.434,2,0.052349690115079284,0.05575074115768075
152,3,1,0.032,0.41000000000000003,18,0.06176845473237336,0.05575074115768075
153,3,0,0.544,0.426,14,0.05787962442263961,0.05575074115768075
154,3,0,0.384,0.336,13,0.0689714418258518,0.05575074115768075
167,3,1,0.448,0.488,5,0.06131952186115086,0.05575074115768075
168,3,1,0.096,0.42,19,0.05870550638064742,0.05575074115768075
172,3,0,0.352,0.452,12,0.056927943136543036,0.05575074115768075
174,3,0,0.0,0.236,3,0.051095187896862626,0.05575074115768075
179,3,0,0.224,0.508,11,0.05861496250145137,0.05575074115768075
183,3,0,0.32,0.304,13,0.057500435737892985,0.05575074115768075
185,3,0,0.0,0.284,3,0.06036032200790942,0.05575074115768075
186,3,1,0.8,0.324,21,0.054176399717107415,0.05575074115768075
189,3,0,0.8,0.254,10,0.05336799379438162,0.05575074115768075
199,3,0,0.32,0.464,15,0.06251089018769562,0.05575074115768075
205,3,1,0.032,0.418,22,0.055535789811983705,0.05575074115768075
210,3,0,0.0,0.33,6,0.05328136123716831,0.05575074115768075
227,3,0,0.48,0.276,3,0.058452968718484044,0.05575074115768075
232,3,0,0.16,0.356,10,0.0625888416543603,0.05575074115768075
234,3,1,0.48,0.208,3,0.06292797718197107,0.05575074115768075
235,3,0,0.672,0.498,14,0.05448712408542633,0.05575074115768075
239,3,0,0.608,,0,0.05365748889744282,0.05575074115768075
240,3,0,0.352,,0,0.0629245841410011,0.05575074115768075
247,3,0,0.064,0.218,2,0.05715280119329691,0.05575074115768075
251,3,1,0.256,0.368,9,0.06031969981268048,0.05575074115768075
253,3,1,0.736,0.34,21,0.058441693894565105,0.05575074115768075
267,3,0,0.384,0.26,12,0.058923506177961826,0.05575074115768075
268,3,0,0.096,0.256,9,0.0571466397959739,0.05575074115768075
271,3,0,0.32,0.324,3,0.050548080587759614,0.05575074115768075
279,3,0,0.768,0.332,1,0.04961869027465582,0.05575074115768075
280,3,1,0.0,,0,0.054942946415394545,0.05575074115768075
283,3,1,0.096,0.352,15,0.05767469713464379,0.05575074115768075
284,3,1,0.992,,0,0.057453435845673084,0.05575074115768075
285,3,1,0.032,0.362,20,0.05499762971885502,0.05575074115768075
286,3,1,0.96,,0,0.05382427154108882,0.05575074115768075
288,3,0,0.32,0.15,10,0.05393911525607109,0.05575074115768075
289,3,0,0.41600000000000004,0.196,11,0.061251446371898055,0.05575074115768075
292,3,1,0.64,0.56,1,0.058794398326426744,0.05575074115768075
296,3,0,0.128,0.298,22,0.05365062179043889,0.05575074115768075
297,3,0,0.448,0.532,14,0.06147334072738886,0.05575074115768075
308,3,0,0.16,0.38,7,0.05552960140630603,0.05575074115768075
317,3,0,0.384,0.332,5,0.06192241655662656,0.05575074115768075
322,3,0,0.768,0.222,10,0.05134979845024645,0.05575074115768075
324,3,0,0.8,0.236,13,0.05402012658305466,0.05575074115768075
326,3,0,0.448,0.356,16,0.05977524281479418,0.05575074115768075
338,3,0,0.0,0.504,3,0.040323583176359534,0.05575074115768075
341,3,1,0.672,,0,0.04917896259576082,0.05575074115768075
343,3,0,0.224,0.152,9,0.056192368967458606,0.05575074115768075
357,3,0,0.032,,0,0.036345063359476626,0.05575074115768075
358,3,1,0.32,0.484,12,0.06849288335070014,0.05575074115768075
360,3,1,0.032,0.464,5,0.04952655336819589,0.05575074115768075
362,3,1,0.0,0.344,3,0.03687774471472949,0.05575074115768075
364,3,1,0.864,0.33399999999999996,8,0.048815828282386065,0.05575074115768075
365,3,0,0.352,0.54,16,0.05903259478509426,0.05575074115768075
374,3,1,0.5760000000000001,0.5,13,0.05333960452117026,0.05575074115768075
395,3,0,0.192,0.552,12,0.05911427433602512,0.05575074115768075
400,3,0,0.512,0.346,6,0.04628635570406914,0.05575074115768075
408,3,0,0.96,0.5,7,0.04270359280053526,0.05575074115768075
413,3,0,0.608,0.26,9,0.058440996101126075,0.05575074115768075
414,3,0,0.28800000000000003,0.26,3,0.05644504772499204,0.05575074115768075
415,3,0,0.096,0.132,5,0.056134261190891266,0.05575074115768075
420,3,0,0.41600000000000004,0.346,12,0.05769721744582057,0.05575074115768075
422,3,0,0.736,0.336,3,0.049120650393888354,0.05575074115768075
426,3,1,0.0,0.488,9,0.05509669170714915,0.05575074115768075
430,3,0,0.064,0.16999999999999998,16,0.04376052075531334,0.05575074115768075
431,3,0,0.608,0.36,4,0.05519320396706462,0.05575074115768075
436,3,0,0.448,0.468,17,0.06679951469413936,0.05575074115768075
437,3,0,0.064,0.544,18,0.06208235234953463,0.05575074115768075
443,3,0,0.5760000000000001,0.392,19,0.0680448308121413,0.05575074115768075
449,3,1,0.0,0.472,6,0.062082680175080895,0.05575074115768075
452,3,0,0.768,0.228,3,0.054854216519743204,0.05575074115768075
454,3,0,0.736,0.392,13,0.05974252917803824,0.05575074115768075
460,3,0,0.448,0.278,14,0.05455966270528734,0.05575074115768075
473,3,0,0.48,0.478,10,0.06287964922375977,0.05575074115768075
480,3,0,0.16,0.356,2,0.05755449854768813,0.05575074115768075
483,3,1,0.8,0.332,23,0.0575355690671131,0.05575074115768075
490,3,0,0.928,0.196,10,0.05367957451380789,0.05575074115768075
498,3,0,0.16,0.396,15,0.06012947880662978,0.05575074115768075
505,3,1,0.48,0.346,8,0.05075243627652526,0.05575074115768075
507,3,0,0.992,0.132,1,0.06011282023973763,0.05575074115768075
526,3,1,0.48,0.314,20,0.06313951802439988,0.05575074115768075
533,3,0,0.064,0.48,7,0.0467327160295099,0.05575074115768075
536,3,1,0.5760000000000001,0.33599999999999997,12,0.05694767972454429,0.05575074115768075
558,3,1,0.096,0.344,3,0.06153511977754533,0.05575074115768075
560,3,1,0.704,0.43,14,0.061019048327580094,0.05575074115768075
563,3,1,0.8,0.532,17,0.07759362342767417,0.05575074115768075
578,3,1,0.384,0.33,2,0.057424386497586966,0.05575074115768075
585,3,1,0.28800000000000003,0.516,7,0.05735407443717122,0.05575074115768075
588,3,0,0.41600000000000004,0.172,3,0.05851354752667248,0.05575074115768075
591,3,0,0.5760000000000001,0.496,13,0.05399763467721641,0.05575074115768075
6,4,1,0.192,0.42000000000000004,10,0.05823201616294682,0.05575074115768075
15,4,1,0.096,0.368,11,0.04917532508261502,0.05575074115768075
25,4,0,0.096,0.328,6,0.05002308590337634,0.05575074115768075
26,4,0,0.192,0.336,11,0.05682302382774651,0.05575074115768075
33,4,1,0.128,0.472,11,0.05653671664185822,0.05575074115768075
44,4,1,0.256,0.216,15,0.055533691542223096,0.05575074115768075
49,4,1,0.384,0.4,19,0.05322254658676684,0.05575074115768075
52,4,0,0.032,0.276,27,0.05482187634333968,0.05575074115768075
55,4,0,0.0,0.336,11,0.047493912978097796,0.05575074115768075
58,4,0,0.48,0.446,12,0.05975423427298665,0.05575074115768075
60,4,0,0.96,0.34199999999999997,14,0.055979318683966994,0.05575074115768075
63,4,0,0.992,0.244,2,0.05059863207861781,0.05575074115768075
66,4,1,0.41600000000000004,0.34,24,0.05526516353711486,0.05575074115768075
68,4,0,0.896,0.348,13,0.05555117013864219,0.05575074115768075
70,4,0,0.384,,0,0.05534723331220448,0.05575074115768075
75,4,0,0.0,,0,0.048598410096019506,0.05575074115768075
79,4,0,0.41600000000000004,0.308,21,0.05354622728191316,0.05575074115768075
87,4,1,0.224,0.424,7,0.058044936740770936,0.05575074115768075
94,4,1,0.352,0.376,13,0.04883920622523874,0.05575074115768075
104,4,0,0.992,0.35,2,0.048018142115324736,0.05575074115768075
110,4,0,0.16,0.374,14,0.06130780465900898,0.05575074115768075
117,4,0,0.0,0.12,11,0.05280202743597329,0.05575074115768075
121,4,1,0.48,0.388,21,0.061819651164114475,0.05575074115768075
124,4,1,0.192,0.46,21,0.06272082845680416,0.05575074115768075
125,4,0,0.192,,0,0.060962670017033815,0.05575074115768075
127,4,0,0.544,0.41600000000000004,2,0.05335948197171092,0.05575074115768075
129,4,0,0.192,,0,0.054414468351751566,0.05575074115768075
132,4,0,0.8320000000000001,0.288,10,0.0533503748010844,0.05575074115768075
140,4,0,0.128,0.394,14,0.051789915887638927,0.05575074115768075
141,4,0,0.128,0.27,10,0.05162107408978045,0.05575074115768075
147,4,1,0.448,0.412,21,0.05933246132917702,0.05575074115768075
150,4,0,0.0,0.288,1,0.05036444705910981,0.05575074115768075
162,4,0,0.448,0.176,18,0.055271826684474945,0.05575074115768075
170,4,0,0.32,0.51,16,0.05537704168818891,0.05575074115768075
175,4,0,0.0,0.202,4,0.05322778597474098,0.05575074115768075
181,4,0,0.064,0.416,4,0.0509829162620008,0.05575074115768075
182,4,0,0.48,0.352,12,0.048164726700633764,0.05575074115768075
184,4,1,0.28800000000000003,0.31,12,0.06303833285346627,0.05575074115768075
188,4,0,0.0,0.48,17,0.042529028141871095,0.05575074115768075
201,4,0,0.256,0.2,3,0.05940581322647631,0.05575074115768075
215,4,1,0.8,0.304,21,0.04830621078144759,0.05575074115768075
223,4,0,0.096,0.174,8,0.05233459291048348,0.05575074115768075
224,4,1,0.064,0.368,7,0.0561084549408406,0.05575074115768075
226,4,0,0.8,0.096,19,0.05074415868148208,0.05575074115768075
230,4,0,0.032,0.328,13,0.05334135750308633,0.05575074115768075
233,4,0,0.0,0.312,8,0.051512295845896006,0.05575074115768075
236,4,0,0.864,0.116,19,0.04660824243910611,0.05575074115768075
242,4,0,0.064,0.388,13,0.06610889779403806,0.05575074115768075
250,4,0,0.512,,0,0.06172816129401326,0.05575074115768075
259,4,0,0.0,0.5,2,0.0482787995133549,0.05575074115768075
264,4,0,0.128,0.24,7,0.060896711656823754,0.05575074115768075
274,4,1,0.032,0.324,25,0.050762440310791135,0.05575074115768075
277,4,0,0.192,0.436,14,0.0554999781306833,0.05575074115768075
291,4,1,0.96,0.232,2,0.04926003469154239,0.05575074115768075
295,4,0,0.28800000000000003,0.496,3,0.052775116404518485,0.05575074115768075
299,4,0,0.352,0.52,7,0.05820225132629275,0.05575074115768075
300,4,1,0.48,0.444,16,0.050865497440099716,0.05575074115768075
303,4,0,0.352,0.29400000000000004,4,0.05556061631068587,0.05575074115768075
305,4,0,0.28800000000000003,,0,0.05106748943217099,0.05575074115768075
307,4,0,0.896,0.336,17,0.050520876655355096,0.05575074115768075
310,4,1,0.512,0.45,18,0.0660162769490853,0.05575074115768075
313,4,0,0.096,0.46599999999999997,14,0.055476812878623605,0.05575074115768075
327,4,0,0.28800000000000003,0.308,11,0.05547443823888898,0.05575074115768075
332,4,1,0.41600000000000004,0.364,2,0.059225725242868066,0.05575074115768075
336,4,0,0.48,0.37,14,0.05666396743617952,0.05575074115768075
345,4,1,0.544,0.536,11,0.05017396714538336,0.05575074115768075
347,4,0,0.512,0.36,11,0.05986422370187938,0.05575074115768075
348,4,0,0.352,0.262,6,0.05450806301087141,0.05575074115768075
350,4,0,0.32,0.492,13,0.05945541895925999,0.05575074115768075
352,4,0,0.256,0.18,3,0.05187096516601741,0.05575074115768075
355,4,1,0.0,0.508,5,0.05217046686448157,0.05575074115768075
359,4,1,0.0,0.456,16,0.05221753753721714,0.05575074115768075
363,4,1,0.96,0.42,11,0.045296970289200544,0.05575074115768075
366,4,0,0.224,0.512,15,0.05799474928062409,0.05575074115768075
367,4,0,0.992,0.296,1,0.05247694835998118,0.05575074115768075
369,4,0,0.608,0.536,13,0.04950910992920399,0.05575074115768075
371,4,0,0.704,,0,0.044012483092956245,0.05575074115768075
372,4,0,0.768,,0,0.04393542860634625,0.05575074115768075
373,4,0,0.64,,0,0.04688610043376684,0.05575074115768075
382,4,1,0.448,0.446,22,0.05834116623736918,0.05575074115768075
394,4,0,0.608,0.368,7,0.058894867077469826,0.05575074115768075
403,4,1,0.256,0.448,10,0.04912119288928807,0.05575074115768075
409,4,0,0.64,0.448,5,0.0539408300537616,0.05575074115768075
412,4,0,0.128,0.252,7,0.0587510303594172,0.05575074115768075
416,4,0,0.41600000000000004,0.44,11,0.05258254334330559,0.05575074115768075
423,4,1,0.8320000000000001,0.424,20,0.06404342432506382,0.05575074115768075
427,4,1,0.8,0.484,13,0.062009072164073586,0.05575074115768075
432,4,1,0.48,0.468,14,0.05446507758460939,0.05575074115768075
433,4,1,0.192,0.524,3,0.060659400187432766,0.05575074115768075
444,4,0,0.96,0.228,3,0.055937433149665594,0.05575074115768075
451,4,1,0.928,0.23600000000000002,6,0.05005961167626083,0.05575074115768075
453,4,1,0.448,0.104,25,0.06127567670773715,0.05575074115768075
462,4,1,0.672,0.592,2,0.05601265840232372,0.05575074115768075
463,4,0,0.768,0.276,2,0.04898352362215519,0.05575074115768075
469,4,1,0.0,0.28,10,0.052364900475367904,0.05575074115768075
476,4,0,0.448,0.426,12,0.05037709674797952,0.05575074115768075
478,4,1,0.032,0.312,15,0.05736315925605595,0.05575074115768075
482,4,1,0.512,,0,0.05851376475766301,0.05575074115768075
486,4,0,0.992,,0,0.05106616369448602,0.05575074115768075
487,4,0,0.544,0.424,9,0.046931660966947675,0.05575074115768075
488,4,0,0.384,0.212,1,0.051979479379951954,0.05575074115768075
491,4,0,0.5760000000000001,0.366,4,0.05246601509861648,0.05575074115768075
501,4,1,0.512,0.484,13,0.06091945827938616,0.05575074115768075
504,4,0,0.192,0.46,13,0.0457804863108322,0.05575074115768075
518,4,0,0.28800000000000003,0.4,1,0.05822243867442012,0.05575074115768075
525,4,1,0.736,0.512,16,0.051654325565323234,0.05575074115768075
528,4,1,0.41600000000000004,0.45799999999999996,18,0.05391556513495743,0.05575074115768075
531,4,0,0.608,0.21,6,0.05528932739980519,0.05575074115768075
535,4,0,0.0,,0,0.05454878811724484,0.05575074115768075
538,4,0,0.192,0.434,10,0.0526546617038548,0.05575074115768075
543,4,1,0.672,0.372,13,0.041880745557136834,0.05575074115768075
566,4,1,0.512,0.448,23,0.052632749546319246,0.05575074115768075
567,4,0,0.608,0.324,13,0.0665344016160816,0.05575074115768075
570,4,0,0.896,0.31,32,0.05139532079920173,0.05575074115768075
571,4,1,0.192,0.484,17,0.05148817878216505,0.05575074115768075
579,4,0,0.8,0.416,15,0.06031198939308524,0.05575074115768075
580,4,1,0.28800000000000003,0.28,15,0.05762355076149106,0.05575074115768075
581,4,1,0.16,0.164,5,0.05351842427626252,0.05575074115768075
