variant,factor,level,error_type,n_pop,n_persistent,pct_persistent,mean_err_rate
gbm_features,alarm_type,Asystole,FN,14,3,21.428571428571427,0.33571428571428574
gbm_features,alarm_type,Asystole,FP,79,6,7.594936708860759,0.14303797468354432
gbm_features,alarm_type,Bradycardia,FN,39,3,7.6923076923076925,0.14358974358974358
gbm_features,alarm_type,Bradycardia,FP,34,1,2.9411764705882355,0.061764705882352944
gbm_features,alarm_type,Tachycardia,FN,106,3,2.830188679245283,0.06981132075471698
gbm_features,alarm_type,Tachycardia,FP,5,0,0.0,0.1
gbm_features,alarm_type,Ventricular_Flutter_Fib,FN,5,2,40.0,0.54
gbm_features,alarm_type,Ventricular_Flutter_Fib,FP,40,0,0.0,0.05
gbm_features,alarm_type,Ventricular_Tachycardia,FN,59,18,30.508474576271187,0.4627118644067797
gbm_features,alarm_type,Ventricular_Tachycardia,FP,211,13,6.161137440758294,0.11563981042654027
gbm_features,quality_tercile,high,FN,81,16,19.753086419753085,0.29876543209876544
gbm_features,quality_tercile,high,FP,152,6,3.9473684210526314,0.09013157894736842
gbm_features,quality_tercile,low,FN,77,9,11.688311688311689,0.21298701298701297
gbm_features,quality_tercile,low,FP,120,11,9.166666666666666,0.16500000000000004
gbm_features,quality_tercile,mid,FN,65,4,6.153846153846154,0.10923076923076923
gbm_features,quality_tercile,mid,FP,97,3,3.0927835051546393,0.07010309278350516
gbm_features,ecg_quality_tercile,high,FN,144,21,14.583333333333334,0.22361111111111112
gbm_features,ecg_quality_tercile,high,FP,227,13,5.726872246696035,0.10748898678414098
gbm_features,ecg_quality_tercile,low,FN,38,4,10.526315789473685,0.1842105263157895
gbm_features,ecg_quality_tercile,low,FP,85,3,3.5294117647058822,0.08
gbm_features,ecg_quality_tercile,mid,FN,41,4,9.75609756097561,0.2073170731707317
gbm_features,ecg_quality_tercile,mid,FP,57,4,7.017543859649122,0.15964912280701754
gbm_features,pulse_quality_tercile,high,FN,90,17,18.88888888888889,0.28555555555555556
gbm_features,pulse_quality_tercile,high,FP,170,6,3.5294117647058822,0.08058823529411765
gbm_features,pulse_quality_tercile,low,FN,86,9,10.465116279069768,0.1941860465116279
gbm_features,pulse_quality_tercile,low,FP,102,11,10.784313725490197,0.19999999999999998
gbm_features,pulse_quality_tercile,mid,FN,47,3,6.382978723404255,0.11276595744680852
gbm_features,pulse_quality_tercile,mid,FP,97,3,3.0927835051546393,0.06391752577319587
gbm_features,quality_degraded,clean(>=0.9),FN,166,22,13.25301204819277,0.21204819277108436
gbm_features,quality_degraded,clean(>=0.9),FP,290,13,4.482758620689655,0.09379310344827588
gbm_features,quality_degraded,degraded(<0.9),FN,57,7,12.280701754385966,0.21929824561403508
gbm_features,quality_degraded,degraded(<0.9),FP,79,7,8.860759493670885,0.16582278481012658
gbm_features,detector_disagree,HR_diff<15bpm,FN,123,15,12.195121951219512,0.208130081300813
gbm_features,detector_disagree,HR_diff<15bpm,FP,204,9,4.411764705882353,0.09019607843137256
gbm_features,detector_disagree,HR_diff>=15bpm,FN,100,14,14.0,0.22099999999999997
gbm_features,detector_disagree,HR_diff>=15bpm,FP,165,11,6.666666666666667,0.13272727272727272
gbm_features,pulse_coverage,ECG_beats_with_pulse<0.5,FN,41,5,12.195121951219512,0.21951219512195122
gbm_features,pulse_coverage,ECG_beats_with_pulse<0.5,FP,50,6,12.0,0.188
gbm_features,pulse_coverage,ECG_beats_with_pulse>=0.5,FN,182,24,13.186813186813186,0.21263736263736266
gbm_features,pulse_coverage,ECG_beats_with_pulse>=0.5,FP,319,14,4.38871473354232,0.09686520376175549
gbm_features,ppg_acf,ppg_acf<0.3,FN,108,12,11.11111111111111,0.17685185185185187
gbm_features,ppg_acf,ppg_acf<0.3,FP,89,11,12.359550561797754,0.21460674157303372
gbm_features,ppg_acf,ppg_acf>=0.3,FN,115,17,14.782608695652174,0.248695652173913
gbm_features,ppg_acf,ppg_acf>=0.3,FP,280,9,3.2142857142857144,0.07571428571428572
gbm_features,pulse_source,PPG,FN,223,29,13.004484304932735,0.21390134529147983
gbm_features,pulse_source,PPG,FP,369,20,5.420054200542006,0.1092140921409214
gbm_features,abp_also_recorded,ABP_available,FN,49,8,16.3265306122449,0.29183673469387755
gbm_features,abp_also_recorded,ABP_available,FP,157,8,5.095541401273885,0.10509554140127389
gbm_features,abp_also_recorded,no_ABP,FN,174,21,12.068965517241379,0.19195402298850575
gbm_features,abp_also_recorded,no_ABP,FP,212,12,5.660377358490566,0.11226415094339623
gbm_features,hr_regime,ECG<3_beats,FN,7,2,28.571428571428573,0.4857142857142857
gbm_features,hr_regime,ECG<3_beats,FP,33,0,0.0,0.03333333333333334
gbm_features,hr_regime,HR100-140,FN,40,8,20.0,0.34750000000000003
gbm_features,hr_regime,HR100-140,FP,100,6,6.0,0.145
gbm_features,hr_regime,HR50-100,FN,37,10,27.027027027027028,0.44594594594594594
gbm_features,hr_regime,HR50-100,FP,160,4,2.5,0.05500000000000001
gbm_features,hr_regime,HR<50,FN,37,5,13.513513513513514,0.17567567567567569
gbm_features,hr_regime,HR<50,FP,38,3,7.894736842105263,0.13947368421052633
gbm_features,hr_regime,HR>=140,FN,102,4,3.9215686274509802,0.07254901960784314
gbm_features,hr_regime,HR>=140,FP,38,7,18.42105263157895,0.2789473684210526
resnet1d,alarm_type,Asystole,FN,14,3,21.428571428571427,0.39999999999999997
resnet1d,alarm_type,Asystole,FP,79,2,2.5316455696202533,0.1379746835443038
resnet1d,alarm_type,Bradycardia,FN,39,8,20.512820512820515,0.35641025641025637
resnet1d,alarm_type,Bradycardia,FP,34,2,5.882352941176471,0.15588235294117644
resnet1d,alarm_type,Tachycardia,FN,106,2,1.8867924528301887,0.06981132075471698
resnet1d,alarm_type,Tachycardia,FP,5,0,0.0,0.24
resnet1d,alarm_type,Ventricular_Flutter_Fib,FN,5,3,60.0,0.62
resnet1d,alarm_type,Ventricular_Flutter_Fib,FP,40,2,5.0,0.22000000000000003
resnet1d,alarm_type,Ventricular_Tachycardia,FN,59,11,18.64406779661017,0.3847457627118644
resnet1d,alarm_type,Ventricular_Tachycardia,FP,211,5,2.3696682464454977,0.1308056872037915
resnet1d,quality_tercile,high,FN,81,9,11.11111111111111,0.24814814814814817
resnet1d,quality_tercile,high,FP,152,1,0.6578947368421053,0.1118421052631579
resnet1d,quality_tercile,low,FN,77,13,16.883116883116884,0.28831168831168835
resnet1d,quality_tercile,low,FP,120,7,5.833333333333333,0.18500000000000003
resnet1d,quality_tercile,mid,FN,65,5,7.6923076923076925,0.16
resnet1d,quality_tercile,mid,FP,97,3,3.0927835051546393,0.1505154639175258
resnet1d,ecg_quality_tercile,high,FN,144,19,13.194444444444445,0.23750000000000002
resnet1d,ecg_quality_tercile,high,FP,227,6,2.643171806167401,0.1343612334801762
resnet1d,ecg_quality_tercile,low,FN,38,3,7.894736842105263,0.2263157894736842
resnet1d,ecg_quality_tercile,low,FP,85,1,1.1764705882352942,0.13882352941176468
resnet1d,ecg_quality_tercile,mid,FN,41,5,12.195121951219512,0.2414634146341463
resnet1d,ecg_quality_tercile,mid,FP,57,4,7.017543859649122,0.20175438596491233
resnet1d,pulse_quality_tercile,high,FN,90,10,11.11111111111111,0.25222222222222224
resnet1d,pulse_quality_tercile,high,FP,170,1,0.5882352941176471,0.11058823529411763
resnet1d,pulse_quality_tercile,low,FN,86,13,15.116279069767442,0.26395348837209304
resnet1d,pulse_quality_tercile,low,FP,102,7,6.862745098039215,0.20980392156862743
resnet1d,pulse_quality_tercile,mid,FN,47,4,8.51063829787234,0.15531914893617021
resnet1d,pulse_quality_tercile,mid,FP,97,3,3.0927835051546393,0.1402061855670103
resnet1d,quality_degraded,clean(>=0.9),FN,166,16,9.63855421686747,0.21686746987951808
resnet1d,quality_degraded,clean(>=0.9),FP,290,9,3.103448275862069,0.13931034482758622
resnet1d,quality_degraded,degraded(<0.9),FN,57,11,19.29824561403509,0.2929824561403509
resnet1d,quality_degraded,degraded(<0.9),FP,79,2,2.5316455696202533,0.16962025316455695
resnet1d,detector_disagree,HR_diff<15bpm,FN,123,12,9.75609756097561,0.23414634146341465
resnet1d,detector_disagree,HR_diff<15bpm,FP,204,4,1.9607843137254901,0.15588235294117644
resnet1d,detector_disagree,HR_diff>=15bpm,FN,100,15,15.0,0.23900000000000002
resnet1d,detector_disagree,HR_diff>=15bpm,FP,165,7,4.242424242424242,0.13333333333333333
resnet1d,pulse_coverage,ECG_beats_with_pulse<0.5,FN,41,13,31.70731707317073,0.3707317073170732
resnet1d,pulse_coverage,ECG_beats_with_pulse<0.5,FP,50,3,6.0,0.21600000000000003
resnet1d,pulse_coverage,ECG_beats_with_pulse>=0.5,FN,182,14,7.6923076923076925,0.20604395604395603
resnet1d,pulse_coverage,ECG_beats_with_pulse>=0.5,FP,319,8,2.5078369905956115,0.13479623824451412
resnet1d,ppg_acf,ppg_acf<0.3,FN,108,15,13.88888888888889,0.2027777777777778
resnet1d,ppg_acf,ppg_acf<0.3,FP,89,8,8.98876404494382,0.25842696629213485
resnet1d,ppg_acf,ppg_acf>=0.3,FN,115,12,10.434782608695652,0.26782608695652177
resnet1d,ppg_acf,ppg_acf>=0.3,FP,280,3,1.0714285714285714,0.11000000000000001
resnet1d,pulse_source,PPG,FN,223,27,12.10762331838565,0.23632286995515697
resnet1d,pulse_source,PPG,FP,369,11,2.9810298102981028,0.14579945799457994
resnet1d,abp_also_recorded,ABP_available,FN,49,9,18.367346938775512,0.30204081632653057
resnet1d,abp_also_recorded,ABP_available,FP,157,3,1.910828025477707,0.14140127388535031
resnet1d,abp_also_recorded,no_ABP,FN,174,18,10.344827586206897,0.21781609195402302
resnet1d,abp_also_recorded,no_ABP,FP,212,8,3.7735849056603774,0.1490566037735849
resnet1d,hr_regime,ECG<3_beats,FN,7,1,14.285714285714286,0.21428571428571427
resnet1d,hr_regime,ECG<3_beats,FP,33,0,0.0,0.06363636363636364
resnet1d,hr_regime,HR100-140,FN,40,4,10.0,0.31000000000000005
resnet1d,hr_regime,HR100-140,FP,100,4,4.0,0.193
resnet1d,hr_regime,HR50-100,FN,37,8,21.62162162162162,0.42972972972972967
resnet1d,hr_regime,HR50-100,FP,160,1,0.625,0.1
resnet1d,hr_regime,HR<50,FN,37,7,18.91891891891892,0.31891891891891894
resnet1d,hr_regime,HR<50,FP,38,4,10.526315789473685,0.2131578947368421
resnet1d,hr_regime,HR>=140,FN,102,7,6.862745098039215,0.10882352941176471
resnet1d,hr_regime,HR>=140,FP,38,2,5.2631578947368425,0.21842105263157893
cross_attention,alarm_type,Asystole,FN,14,4,28.571428571428573,0.4428571428571428
cross_attention,alarm_type,Asystole,FP,79,7,8.860759493670885,0.20126582278481014
cross_attention,alarm_type,Bradycardia,FN,39,7,17.94871794871795,0.31025641025641026
cross_attention,alarm_type,Bradycardia,FP,34,3,8.823529411764707,0.1735294117647059
cross_attention,alarm_type,Tachycardia,FN,106,6,5.660377358490566,0.13113207547169814
cross_attention,alarm_type,Tachycardia,FP,5,3,60.0,0.58
cross_attention,alarm_type,Ventricular_Flutter_Fib,FN,5,1,20.0,0.5799999999999998
cross_attention,alarm_type,Ventricular_Flutter_Fib,FP,40,4,10.0,0.22749999999999998
cross_attention,alarm_type,Ventricular_Tachycardia,FN,59,14,23.728813559322035,0.42033898305084755
cross_attention,alarm_type,Ventricular_Tachycardia,FP,211,21,9.95260663507109,0.21611374407582937
cross_attention,quality_tercile,high,FN,81,13,16.049382716049383,0.30987654320987656
cross_attention,quality_tercile,high,FP,152,17,11.18421052631579,0.19342105263157894
cross_attention,quality_tercile,low,FN,77,14,18.181818181818183,0.28961038961038965
cross_attention,quality_tercile,low,FP,120,13,10.833333333333334,0.25416666666666665
cross_attention,quality_tercile,mid,FN,65,5,7.6923076923076925,0.19230769230769235
cross_attention,quality_tercile,mid,FP,97,8,8.24742268041237,0.20103092783505155
cross_attention,ecg_quality_tercile,high,FN,144,24,16.666666666666668,0.28125
cross_attention,ecg_quality_tercile,high,FP,227,25,11.013215859030836,0.23348017621145375
cross_attention,ecg_quality_tercile,low,FN,38,1,2.6315789473684212,0.2263157894736842
cross_attention,ecg_quality_tercile,low,FP,85,5,5.882352941176471,0.16
cross_attention,ecg_quality_tercile,mid,FN,41,7,17.073170731707318,0.2634146341463415
cross_attention,ecg_quality_tercile,mid,FP,57,8,14.035087719298245,0.22456140350877193
cross_attention,pulse_quality_tercile,high,FN,90,13,14.444444444444445,0.3077777777777778
cross_attention,pulse_quality_tercile,high,FP,170,17,10.0,0.1788235294117647
cross_attention,pulse_quality_tercile,low,FN,86,15,17.441860465116278,0.26860465116279075
cross_attention,pulse_quality_tercile,low,FP,102,14,13.72549019607843,0.30098039215686273
cross_attention,pulse_quality_tercile,mid,FN,47,4,8.51063829787234,0.19361702127659575
cross_attention,pulse_quality_tercile,mid,FP,97,7,7.216494845360825,0.18865979381443296
cross_attention,quality_degraded,clean(>=0.9),FN,166,22,13.25301204819277,0.25301204819277107
cross_attention,quality_degraded,clean(>=0.9),FP,290,30,10.344827586206897,0.20758620689655174
cross_attention,quality_degraded,degraded(<0.9),FN,57,10,17.54385964912281,0.3140350877192983
cross_attention,quality_degraded,degraded(<0.9),FP,79,8,10.126582278481013,0.2430379746835443
cross_attention,detector_disagree,HR_diff<15bpm,FN,123,18,14.634146341463415,0.28373983739837405
cross_attention,detector_disagree,HR_diff<15bpm,FP,204,23,11.27450980392157,0.2362745098039216
cross_attention,detector_disagree,HR_diff>=15bpm,FN,100,14,14.0,0.25
cross_attention,detector_disagree,HR_diff>=15bpm,FP,165,15,9.090909090909092,0.18909090909090912
cross_attention,pulse_coverage,ECG_beats_with_pulse<0.5,FN,41,11,26.829268292682926,0.4024390243902439
cross_attention,pulse_coverage,ECG_beats_with_pulse<0.5,FP,50,2,4.0,0.2
cross_attention,pulse_coverage,ECG_beats_with_pulse>=0.5,FN,182,21,11.538461538461538,0.2384615384615385
cross_attention,pulse_coverage,ECG_beats_with_pulse>=0.5,FP,319,36,11.285266457680251,0.2175548589341693
cross_attention,ppg_acf,ppg_acf<0.3,FN,108,13,12.037037037037036,0.21944444444444447
cross_attention,ppg_acf,ppg_acf<0.3,FP,89,17,19.10112359550562,0.3730337078651685
cross_attention,ppg_acf,ppg_acf>=0.3,FN,115,19,16.52173913043478,0.3147826086956522
cross_attention,ppg_acf,ppg_acf>=0.3,FP,280,21,7.5,0.165
cross_attention,pulse_source,PPG,FN,223,32,14.349775784753364,0.268609865470852
cross_attention,pulse_source,PPG,FP,369,38,10.29810298102981,0.21517615176151764
cross_attention,abp_also_recorded,ABP_available,FN,49,8,16.3265306122449,0.3510204081632653
cross_attention,abp_also_recorded,ABP_available,FP,157,14,8.9171974522293,0.17707006369426753
cross_attention,abp_also_recorded,no_ABP,FN,174,24,13.793103448275861,0.24540229885057474
cross_attention,abp_also_recorded,no_ABP,FP,212,24,11.320754716981131,0.2433962264150943
cross_attention,hr_regime,ECG<3_beats,FN,7,1,14.285714285714286,0.3285714285714286
cross_attention,hr_regime,ECG<3_beats,FP,33,0,0.0,0.1
cross_attention,hr_regime,HR100-140,FN,40,7,17.5,0.33249999999999996
cross_attention,hr_regime,HR100-140,FP,100,15,15.0,0.29300000000000004
cross_attention,hr_regime,HR50-100,FN,37,9,24.324324324324323,0.38918918918918927
cross_attention,hr_regime,HR50-100,FP,160,13,8.125,0.18687499999999999
cross_attention,hr_regime,HR<50,FN,37,7,18.91891891891892,0.35405405405405405
cross_attention,hr_regime,HR<50,FP,38,5,13.157894736842104,0.2263157894736842
cross_attention,hr_regime,HR>=140,FN,102,8,7.8431372549019605,0.16470588235294117
cross_attention,hr_regime,HR>=140,FP,38,5,13.157894736842104,0.21842105263157893
ecg_only,alarm_type,Asystole,FN,14,8,57.142857142857146,0.6857142857142858
ecg_only,alarm_type,Asystole,FP,79,7,8.860759493670885,0.19240506329113927
ecg_only,alarm_type,Bradycardia,FN,39,7,17.94871794871795,0.38974358974358975
ecg_only,alarm_type,Bradycardia,FP,34,7,20.58823529411765,0.3352941176470588
ecg_only,alarm_type,Tachycardia,FN,106,12,11.320754716981131,0.1877358490566038
ecg_only,alarm_type,Tachycardia,FP,5,2,40.0,0.5599999999999999
ecg_only,alarm_type,Ventricular_Flutter_Fib,FN,5,3,60.0,0.7
ecg_only,alarm_type,Ventricular_Flutter_Fib,FP,40,6,15.0,0.2625
ecg_only,alarm_type,Ventricular_Tachycardia,FN,59,9,15.254237288135593,0.3135593220338983
ecg_only,alarm_type,Ventricular_Tachycardia,FP,211,39,18.48341232227488,0.3137440758293839
ecg_only,quality_tercile,high,FN,81,12,14.814814814814815,0.28888888888888886
ecg_only,quality_tercile,high,FP,152,28,18.42105263157895,0.32894736842105265
ecg_only,quality_tercile,low,FN,77,21,27.272727272727273,0.3935064935064935
ecg_only,quality_tercile,low,FP,120,12,10.0,0.19499999999999998
ecg_only,quality_tercile,mid,FN,65,6,9.23076923076923,0.20000000000000004
ecg_only,quality_tercile,mid,FP,97,21,21.649484536082475,0.33711340206185564
ecg_only,ecg_quality_tercile,high,FN,144,24,16.666666666666668,0.2951388888888889
ecg_only,ecg_quality_tercile,high,FP,227,38,16.740088105726873,0.31277533039647576
ecg_only,ecg_quality_tercile,low,FN,38,7,18.42105263157895,0.2947368421052632
ecg_only,ecg_quality_tercile,low,FP,85,10,11.764705882352942,0.17764705882352938
ecg_only,ecg_quality_tercile,mid,FN,41,8,19.51219512195122,0.3170731707317073
ecg_only,ecg_quality_tercile,mid,FP,57,13,22.80701754385965,0.3508771929824562
ecg_only,pulse_quality_tercile,high,FN,90,14,15.555555555555555,0.3033333333333333
ecg_only,pulse_quality_tercile,high,FP,170,32,18.823529411764707,0.32
ecg_only,pulse_quality_tercile,low,FN,86,19,22.093023255813954,0.3383720930232558
ecg_only,pulse_quality_tercile,low,FP,102,12,11.764705882352942,0.2107843137254902
ecg_only,pulse_quality_tercile,mid,FN,47,6,12.76595744680851,0.21914893617021278
ecg_only,pulse_quality_tercile,mid,FP,97,17,17.52577319587629,0.311340206185567
ecg_only,quality_degraded,clean(>=0.9),FN,166,21,12.650602409638553,0.25361445783132525
ecg_only,quality_degraded,clean(>=0.9),FP,290,54,18.620689655172413,0.3244827586206897
ecg_only,quality_degraded,degraded(<0.9),FN,57,18,31.57894736842105,0.43157894736842106
ecg_only,quality_degraded,degraded(<0.9),FP,79,7,8.860759493670885,0.15189873417721517
ecg_only,detector_disagree,HR_diff<15bpm,FN,123,16,13.008130081300813,0.29918699186991865
ecg_only,detector_disagree,HR_diff<15bpm,FP,204,49,24.019607843137255,0.3931372549019607
ecg_only,detector_disagree,HR_diff>=15bpm,FN,100,23,23.0,0.299
ecg_only,detector_disagree,HR_diff>=15bpm,FP,165,12,7.2727272727272725,0.15696969696969695
ecg_only,pulse_coverage,ECG_beats_with_pulse<0.5,FN,41,17,41.46341463414634,0.526829268292683
ecg_only,pulse_coverage,ECG_beats_with_pulse<0.5,FP,50,5,10.0,0.24
ecg_only,pulse_coverage,ECG_beats_with_pulse>=0.5,FN,182,22,12.087912087912088,0.2478021978021978
ecg_only,pulse_coverage,ECG_beats_with_pulse>=0.5,FP,319,56,17.55485893416928,0.29498432601880875
ecg_only,ppg_acf,ppg_acf<0.3,FN,108,20,18.51851851851852,0.2898148148148148
ecg_only,ppg_acf,ppg_acf<0.3,FP,89,18,20.224719101123597,0.2921348314606742
ecg_only,ppg_acf,ppg_acf>=0.3,FN,115,19,16.52173913043478,0.30782608695652175
ecg_only,ppg_acf,ppg_acf>=0.3,FP,280,43,15.357142857142858,0.28607142857142853
ecg_only,pulse_source,PPG,FN,223,39,17.48878923766816,0.29910313901345287
ecg_only,pulse_source,PPG,FP,369,61,16.531165311653115,0.28753387533875335
ecg_only,abp_also_recorded,ABP_available,FN,49,9,18.367346938775512,0.29183673469387755
ecg_only,abp_also_recorded,ABP_available,FP,157,25,15.92356687898089,0.28598726114649686
ecg_only,abp_also_recorded,no_ABP,FN,174,30,17.24137931034483,0.30114942528735633
ecg_only,abp_also_recorded,no_ABP,FP,212,36,16.9811320754717,0.28867924528301886
ecg_only,hr_regime,ECG<3_beats,FN,7,4,57.142857142857146,0.6142857142857142
ecg_only,hr_regime,ECG<3_beats,FP,33,1,3.0303030303030303,0.14242424242424243
ecg_only,hr_regime,HR100-140,FN,40,3,7.5,0.2425
ecg_only,hr_regime,HR100-140,FP,100,24,24.0,0.36199999999999993
ecg_only,hr_regime,HR50-100,FN,37,9,24.324324324324323,0.4351351351351351
ecg_only,hr_regime,HR50-100,FP,160,23,14.375,0.29874999999999996
ecg_only,hr_regime,HR<50,FN,37,7,18.91891891891892,0.3783783783783784
ecg_only,hr_regime,HR<50,FP,38,7,18.42105263157895,0.23684210526315788
ecg_only,hr_regime,HR>=140,FN,102,16,15.686274509803921,0.2215686274509804
ecg_only,hr_regime,HR>=140,FP,38,6,15.789473684210526,0.2210526315789474
ppg_only,alarm_type,Asystole,FN,14,0,0.0,0.07857142857142858
ppg_only,alarm_type,Asystole,FP,79,45,56.962025316455694,0.6253164556962024
ppg_only,alarm_type,Bradycardia,FN,39,4,10.256410256410257,0.2307692307692308
ppg_only,alarm_type,Bradycardia,FP,34,6,17.647058823529413,0.24117647058823527
ppg_only,alarm_type,Tachycardia,FN,106,5,4.716981132075472,0.14622641509433962
ppg_only,alarm_type,Tachycardia,FP,5,2,40.0,0.6
ppg_only,alarm_type,Ventricular_Flutter_Fib,FN,5,0,0.0,0.04
ppg_only,alarm_type,Ventricular_Flutter_Fib,FP,40,23,57.5,0.6599999999999999
ppg_only,alarm_type,Ventricular_Tachycardia,FN,59,13,22.033898305084747,0.3305084745762712
ppg_only,alarm_type,Ventricular_Tachycardia,FP,211,80,37.91469194312796,0.46445497630331756
ppg_only,quality_tercile,high,FN,81,13,16.049382716049383,0.2654320987654321
ppg_only,quality_tercile,high,FP,152,42,27.63157894736842,0.37697368421052635
ppg_only,quality_tercile,low,FN,77,3,3.896103896103896,0.12987012987012986
ppg_only,quality_tercile,low,FP,120,84,70.0,0.7466666666666667
ppg_only,quality_tercile,mid,FN,65,6,9.23076923076923,0.21230769230769234
ppg_only,quality_tercile,mid,FP,97,30,30.927835051546392,0.3927835051546391
ppg_only,ecg_quality_tercile,high,FN,144,17,11.805555555555555,0.20833333333333334
ppg_only,ecg_quality_tercile,high,FP,227,96,42.290748898678416,0.4933920704845815
ppg_only,ecg_quality_tercile,low,FN,38,2,5.2631578947368425,0.18157894736842103
ppg_only,ecg_quality_tercile,low,FP,85,39,45.88235294117647,0.5317647058823529
ppg_only,ecg_quality_tercile,mid,FN,41,3,7.317073170731708,0.20487804878048782
ppg_only,ecg_quality_tercile,mid,FP,57,21,36.8421052631579,0.487719298245614
ppg_only,pulse_quality_tercile,high,FN,90,13,14.444444444444445,0.2511111111111111
ppg_only,pulse_quality_tercile,high,FP,170,49,28.823529411764707,0.38705882352941184
ppg_only,pulse_quality_tercile,low,FN,86,3,3.488372093023256,0.13488372093023254
ppg_only,pulse_quality_tercile,low,FP,102,81,79.41176470588235,0.8176470588235295
ppg_only,pulse_quality_tercile,mid,FN,47,6,12.76595744680851,0.23617021276595748
ppg_only,pulse_quality_tercile,mid,FP,97,26,26.804123711340207,0.3690721649484536
ppg_only,quality_degraded,clean(>=0.9),FN,166,21,12.650602409638553,0.2313253012048193
ppg_only,quality_degraded,clean(>=0.9),FP,290,100,34.48275862068966,0.4337931034482759
ppg_only,quality_degraded,degraded(<0.9),FN,57,1,1.7543859649122806,0.12105263157894737
ppg_only,quality_degraded,degraded(<0.9),FP,79,56,70.88607594936708,0.7493670886075948
ppg_only,detector_disagree,HR_diff<15bpm,FN,123,14,11.382113821138212,0.22276422764227644
ppg_only,detector_disagree,HR_diff<15bpm,FP,204,65,31.862745098039216,0.4068627450980392
ppg_only,detector_disagree,HR_diff>=15bpm,FN,100,8,8.0,0.179
ppg_only,detector_disagree,HR_diff>=15bpm,FP,165,91,55.15151515151515,0.618181818181818
ppg_only,pulse_coverage,ECG_beats_with_pulse<0.5,FN,41,4,9.75609756097561,0.1804878048780488
ppg_only,pulse_coverage,ECG_beats_with_pulse<0.5,FP,50,23,46.0,0.49599999999999994
ppg_only,pulse_coverage,ECG_beats_with_pulse>=0.5,FN,182,18,9.89010989010989,0.20824175824175822
ppg_only,pulse_coverage,ECG_beats_with_pulse>=0.5,FP,319,133,41.692789968652036,0.5021943573667711
ppg_only,ppg_acf,ppg_acf<0.3,FN,108,6,5.555555555555555,0.1361111111111111
ppg_only,ppg_acf,ppg_acf<0.3,FP,89,70,78.65168539325843,0.8550561797752808
ppg_only,ppg_acf,ppg_acf>=0.3,FN,115,16,13.91304347826087,0.26608695652173914
ppg_only,ppg_acf,ppg_acf>=0.3,FP,280,86,30.714285714285715,0.38892857142857146
ppg_only,pulse_source,PPG,FN,223,22,9.865470852017937,0.20313901345291482
ppg_only,pulse_source,PPG,FP,369,156,42.27642276422764,0.5013550135501355
ppg_only,abp_also_recorded,ABP_available,FN,49,7,14.285714285714286,0.29387755102040813
ppg_only,abp_also_recorded,ABP_available,FP,157,48,30.573248407643312,0.38726114649681526
ppg_only,abp_also_recorded,no_ABP,FN,174,15,8.620689655172415,0.17758620689655175
ppg_only,abp_also_recorded,no_ABP,FP,212,108,50.943396226415096,0.5858490566037736
ppg_only,hr_regime,ECG<3_beats,FN,7,0,0.0,0.028571428571428574
ppg_only,hr_regime,ECG<3_beats,FP,33,13,39.39393939393939,0.4393939393939394
ppg_only,hr_regime,HR100-140,FN,40,6,15.0,0.2725
ppg_only,hr_regime,HR100-140,FP,100,53,53.0,0.631
ppg_only,hr_regime,HR50-100,FN,37,8,21.62162162162162,0.29189189189189185
ppg_only,hr_regime,HR50-100,FP,160,59,36.875,0.43062500000000004
ppg_only,hr_regime,HR<50,FN,37,3,8.108108108108109,0.1945945945945946
ppg_only,hr_regime,HR<50,FP,38,13,34.21052631578947,0.38947368421052636
ppg_only,hr_regime,HR>=140,FN,102,5,4.901960784313726,0.15882352941176472
ppg_only,hr_regime,HR>=140,FP,38,18,47.36842105263158,0.6236842105263158
