variant,category,n,pct_of_class,pct_of_all
gbm_features,persistent_FN,29,13.004484304932735,4.898648648648648
gbm_features,persistent_FP,20,5.420054200542006,3.3783783783783785
gbm_features,unstable_true_alarm,34,15.246636771300448,5.743243243243243
gbm_features,unstable_false_alarm,36,9.75609756097561,6.081081081081081
gbm_features,stable_correct,473,79.89864864864865,79.89864864864865
resnet1d,persistent_FN,27,12.10762331838565,4.5608108108108105
resnet1d,persistent_FP,11,2.9810298102981028,1.8581081081081081
resnet1d,unstable_true_alarm,45,20.179372197309416,7.601351351351352
resnet1d,unstable_false_alarm,72,19.51219512195122,12.162162162162161
resnet1d,stable_correct,437,73.81756756756756,73.81756756756756
cross_attention,persistent_FN,32,14.349775784753364,5.405405405405405
cross_attention,persistent_FP,38,10.29810298102981,6.418918918918919
cross_attention,unstable_true_alarm,52,23.318385650224215,8.783783783783784
cross_attention,unstable_false_alarm,77,20.867208672086722,13.006756756756756
cross_attention,stable_correct,393,66.38513513513513,66.38513513513513
ecg_only,persistent_FN,39,17.48878923766816,6.587837837837838
ecg_only,persistent_FP,61,16.531165311653115,10.304054054054054
ecg_only,unstable_true_alarm,50,22.42152466367713,8.445945945945946
ecg_only,unstable_false_alarm,88,23.848238482384822,14.864864864864865
ecg_only,stable_correct,354,59.7972972972973,59.7972972972973
ppg_only,persistent_FN,22,9.865470852017937,3.7162162162162162
ppg_only,persistent_FP,156,42.27642276422764,26.35135135135135
ppg_only,unstable_true_alarm,44,19.730941704035875,7.4324324324324325
ppg_only,unstable_false_alarm,58,15.718157181571815,9.797297297297296
ppg_only,stable_correct,312,52.7027027027027,52.7027027027027
