variant,params,F1,Sensitivity,Specificity,AUC,ChallengeScore,FA_suppressed@s95,realised_sens@s95,FA_suppressed@s99,realised_sens@s99,FA_suppressed@s100,realised_sens@s100
ecg_only,261055,0.642 +/- 0.063,0.704 +/- 0.125,0.714 +/- 0.123,0.782 +/- 0.049,49.6,0.308,0.922,0.171,0.952,0.171,0.952
ppg_only,261055,0.602 +/- 0.059,0.799 +/- 0.139,0.499 +/- 0.114,0.719 +/- 0.051,47.8,0.350,0.933,0.274,0.962,0.274,0.962
concat,256333,0.693 +/- 0.052,0.731 +/- 0.089,0.773 +/- 0.087,0.836 +/- 0.040,54.4,0.404,0.929,0.267,0.968,0.267,0.968
cross_attention,261505,0.699 +/- 0.049,0.734 +/- 0.114,0.786 +/- 0.091,0.841 +/- 0.033,55.4,0.399,0.924,0.249,0.963,0.249,0.963
bi_cross_attention,266463,0.691 +/- 0.054,0.734 +/- 0.099,0.768 +/- 0.090,0.833 +/- 0.042,54.5,0.419,0.921,0.293,0.957,0.293,0.957
joint_transformer,265021,0.692 +/- 0.057,0.717 +/- 0.111,0.792 +/- 0.084,0.840 +/- 0.036,54.3,0.422,0.928,0.271,0.969,0.271,0.969
bottleneck,265917,0.652 +/- 0.072,0.700 +/- 0.146,0.735 +/- 0.141,0.801 +/- 0.061,50.8,0.364,0.922,0.241,0.959,0.241,0.959
gated_cross_attention,258595,0.697 +/- 0.059,0.712 +/- 0.108,0.803 +/- 0.101,0.841 +/- 0.039,54.4,0.403,0.923,0.265,0.959,0.265,0.959
resnet1d,277649,0.760 +/- 0.060,0.764 +/- 0.104,0.854 +/- 0.077,0.884 +/- 0.039,61.4,0.494,0.922,0.306,0.953,0.306,0.953
inceptiontime,261215,0.732 +/- 0.068,0.745 +/- 0.112,0.827 +/- 0.106,0.876 +/- 0.044,58.3,0.496,0.930,0.324,0.967,0.324,0.967
bigru,265293,0.678 +/- 0.065,0.734 +/- 0.121,0.744 +/- 0.117,0.829 +/- 0.049,53.7,0.448,0.917,0.272,0.961,0.272,0.961
tcn,267492,0.751 +/- 0.053,0.765 +/- 0.096,0.838 +/- 0.091,0.887 +/- 0.034,60.5,0.491,0.926,0.327,0.962,0.327,0.962
transformer,277505,0.555 +/- 0.057,0.731 +/- 0.167,0.461 +/- 0.250,0.652 +/- 0.080,40.1,0.153,0.930,0.084,0.958,0.084,0.958
ssm,264360,0.723 +/- 0.052,0.752 +/- 0.098,0.804 +/- 0.081,0.857 +/- 0.038,57.9,0.457,0.917,0.273,0.962,0.273,0.962
gbm_features,0,0.798 +/- 0.040,0.788 +/- 0.070,0.891 +/- 0.035,0.918 +/- 0.025,65.0,0.588,0.941,0.419,0.970,0.419,0.970
