variant,params,latency_ms,throughput_per_sec
ecg_only,261055,9.302194118499756,107.50151923955748
ppg_only,261055,8.85993480682373,112.86764765242083
concat,256333,17.57927656173706,56.88516228117109
cross_attention,261505,17.424776554107666,57.38954510520038
bi_cross_attention,266463,18.42846155166626,54.26388942974908
joint_transformer,265021,16.349644660949707,61.1634087919017
bottleneck,265917,19.027860164642334,52.55451697391623
gated_cross_attention,258595,21.568520069122314,46.36386719140776
resnet1d,277649,22.78754711151123,43.88361744712952
inceptiontime,261215,14.596750736236572,68.50839738720005
bigru,265293,10.806488990783691,92.53699336138217
tcn,267492,33.063950538635254,30.244419789810028
transformer,277505,13.423991203308105,74.49349339215655
ssm,264360,33.774943351745605,29.60774766031744
